title,year,genre,runtime_in_min,imdb_rating,country,director,no._of_reviews,url,actor
Demon Slayer: Kimetsu no Yaiba Infinity Castle,2025,Animation,155,8.4,Japan,Haruo Sotozaki,66000.0,https://www.justwatch.com/in/movie/demon-slayer-kimetsu-no-yaiba-infinity-castle,Natsuki Hanae
One Battle After Another,2025,Mystery & Thriller,161,7.7,United States,Paul Thomas Anderson,343000.0,https://www.justwatch.com/in/movie/the-battle-of-baktan-cross,Leonardo DiCaprio
Marty Supreme,2025,Drama,149,7.8,Finland,Josh Safdie,120000.0,https://www.justwatch.com/in/movie/marty-supreme,Timothée Chalamet
Zootopia 2,2025,Animation,108,7.4,Canada,Jared Bush,90000.0,https://www.justwatch.com/in/movie/zootopia-2,Byron Howard
Ne Zha 2,2025,Fantasy,144,7.9,China,Yang Yu,23000.0,https://www.justwatch.com/in/movie/ne-zha-2,Lu Yanting
Sinners,2025,Action & Adventure,137,7.5,Canada,Ryan Coogler,419000.0,https://www.justwatch.com/in/movie/sinners-2025,Michael B. Jordan
Assi,2026,Drama,133,7.5,India,Anubhav Sinha,3200.0,https://www.justwatch.com/in/movie/assi-2026,Taapsee Pannu
28 Years Later: The Bone Temple,2026,Horror,109,7.4,United States,Nia DaCosta,64000.0,https://www.justwatch.com/in/movie/28-years-later-the-bone-temple,Ralph Fiennes
Weapons,2025,Horror,129,7.4,United States,Zach Cregger,320000.0,https://www.justwatch.com/in/movie/weapons-2025,Julia Garner
Sentimental Value,2025,Drama,133,7.8,Turkey,Joachim Trier,56000.0,https://www.justwatch.com/in/movie/sentimental-value,Renate Reinsve
Geetha Govindam,2018,Romance,148,7.7,India,Parasuram Petla,17000.0,https://www.justwatch.com/in/movie/geetha-govindam,Vijay Deverakonda
The Secret Agent,2025,Mystery & Thriller,161,7.3,Brazil,Kleber Mendonça Filho,37000.0,https://www.justwatch.com/in/movie/the-secret-agent-2025,Wagner Moura
Tu Yaa Main,2026,Mystery & Thriller,143,8.5,India,Bejoy Nambiar,2700.0,https://www.justwatch.com/in/movie/tu-yaa-main,Adarsh Gourav
Send Help,2026,Mystery & Thriller,113,7.2,United States,Sam Raimi,33000.0,https://www.justwatch.com/in/movie/send-help,Rachel McAdams
No Other Choice,2025,Mystery & Thriller,139,7.6,France,Park Chan-wook,48000.0,https://www.justwatch.com/in/movie/no-other-choice,Lee Byung-hun
Sabar Bonda,2025,Drama,112,7.4,Canada,Rohan Kanawade,658.0,https://www.justwatch.com/in/movie/cactus-pears,Ram Daund
The Handmaiden,2016,Drama,145,8.1,South Korea,Park Chan-wook,201000.0,https://www.justwatch.com/in/movie/the-handmaiden,Kim Min-hee
Raazi,2018,Mystery & Thriller,138,7.7,India,Meghna Gulzar,37000.0,https://www.justwatch.com/in/movie/raazi,Alia Bhatt
Train Dreams,2025,Drama,102,7.5,United States,Clint Bentley,86000.0,https://www.justwatch.com/in/movie/train-dreams,Joel Edgerton
The Nice Guys,2016,Action & Adventure,116,7.4,United States,Shane Black,410000.0,https://www.justwatch.com/in/movie/the-nice-guys,Russell Crowe
Eternal Sunshine of the Spotless Mind,2004,Science-Fiction,108,8.3,United States,Michel Gondry,1000000.0,https://www.justwatch.com/in/movie/eternal-sunshine-of-the-spotless-mind,Jim Carrey
Memento,2000,Drama,113,8.4,United States,Christopher Nolan,1000000.0,https://www.justwatch.com/in/movie/memento,Guy Pearce
"The Gangster, the Cop, the Devil",2019,Action & Adventure,110,7.0,South Korea,Lee Won-tae,33000.0,https://www.justwatch.com/in/movie/the-gangster-the-cop-the-devil,Don Lee
To Kill a Mockingbird,1962,Drama,129,8.2,United States,Robert Mulligan,350000.0,https://www.justwatch.com/in/movie/to-kill-a-mockingbird,Gregory Peck
Bāhubali: The Epic,2025,Action & Adventure,224,8.3,India,S. S. Rajamouli,1900.0,https://www.justwatch.com/in/movie/baahubali-the-epic,Prabhas
Memories of Murder,2003,Drama,131,8.1,South Korea,Bong Joon Ho,263000.0,https://www.justwatch.com/in/movie/memories-of-murder,Song Kang-ho
Sirât,2025,Mystery & Thriller,115,7.0,Spain,Oliver Laxe,24000.0,https://www.justwatch.com/in/movie/sirat,Sergi López
Rosemary's Baby,1968,Horror,138,8.0,United States,Roman Polanski,257000.0,https://www.justwatch.com/in/movie/rosemarys-baby,Mia Farrow
The Wild Robot,2024,Science-Fiction,102,8.2,United States,Chris Sanders,217000.0,https://www.justwatch.com/in/movie/the-wild-robot,Lupita Nyong'o
The Silence of the Lambs,1991,Crime,119,8.6,United States,Jonathan Demme,2000000.0,https://www.justwatch.com/in/movie/the-silence-of-the-lambs,Jodie Foster
Like Stars on Earth,2007,Drama,162,8.3,India,Aamir Khan,231000.0,https://www.justwatch.com/in/movie/taare-zameen-par,Darsheel Safary
The Godfather,1972,Drama,175,9.2,United States,Francis Ford Coppola,2000000.0,https://www.justwatch.com/in/movie/the-godfather,Marlon Brando
Zootopia,2016,Comedy,109,8.0,United States,Byron Howard,559000.0,https://www.justwatch.com/in/movie/zootopia,Rich Moore
Argo,2012,Mystery & Thriller,120,7.7,United Kingdom,Ben Affleck,644000.0,https://www.justwatch.com/in/movie/argo,Ben Affleck
Metropolis,1927,Drama,148,8.2,Germany,Fritz Lang,200000.0,https://www.justwatch.com/in/movie/metropolis,Gustav Fröhlich
Spider-Man: No Way Home,2021,Action & Adventure,148,8.1,United States,Jon Watts,1000000.0,https://www.justwatch.com/in/movie/spider-man-no-way-home,Tom Holland
The Lord of the Rings: The Fellowship of the Ring,2001,Action & Adventure,179,8.9,United States,Peter Jackson,2000000.0,https://www.justwatch.com/in/movie/the-lord-of-the-rings-the-fellowship-of-the-ring,Elijah Wood
Wake Up Dead Man: A Knives Out Mystery,2025,Comedy,145,7.3,United States,Rian Johnson,217000.0,https://www.justwatch.com/in/movie/wake-up-dead-man-a-knives-out-mystery,Daniel Craig
The Truman Show,1998,Drama,103,8.2,United States,Peter Weir,1000000.0,https://www.justwatch.com/in/movie/the-truman-show,Jim Carrey
Gangubai Kathiawadi,2022,Drama,157,7.8,India,Sanjay Leela Bhansali,67000.0,https://www.justwatch.com/in/movie/gangubai-kathiawadi,Alia Bhatt
The Lighthouse,2019,Drama,109,7.4,United States,Robert Eggers,299000.0,https://www.justwatch.com/in/movie/the-lighthouse-2019,Robert Pattinson
Good Will Hunting,1997,Drama,126,8.4,United States,Gus Van Sant,1000000.0,https://www.justwatch.com/in/movie/good-will-hunting,Matt Damon
50/50,2011,Drama,100,7.6,United States,Jonathan Levine,353000.0,https://www.justwatch.com/in/movie/50-50,Joseph Gordon-Levitt
RRR,2022,Action & Adventure,185,7.8,India,S. S. Rajamouli,202000.0,https://www.justwatch.com/in/movie/roudram-ranam-rudhiram,N.T. Rama Rao Jr.
Veer-Zaara,2004,Drama,192,7.8,India,Yash Chopra,66000.0,https://www.justwatch.com/in/movie/veer-zaara,Shah Rukh Khan
Inside Job,2010,Documentary,109,8.2,United States,Charles Ferguson,83000.0,https://www.justwatch.com/in/movie/inside-job,Matt Damon
Homebound,2025,Drama,122,7.4,India,Neeraj Ghaywan,67.0,https://www.justwatch.com/in/movie/homebound-2025,Ishaan Khatter
Dum Laga Ke Haisha,2015,Comedy,111,7.4,India,Sharat Katariya,22000.0,https://www.justwatch.com/in/movie/dum-laga-ke-haisha,Bhumi Pednekar
Hi Nanna,2023,Kids & Family,155,8.3,India,Shouryuv,26000.0,https://www.justwatch.com/in/movie/nani30,Nani
La La Land,2016,Drama,128,8.0,United States,Damien Chazelle,754000.0,https://www.justwatch.com/in/movie/la-la-land,Ryan Gosling
Man on the Run,2026,Documentary,127,7.6,United Kingdom,Morgan Neville,1500.0,https://www.justwatch.com/in/movie/paul-mccartney-man-on-the-run,Paul McCartney
Rang De Basanti,2006,Comedy,157,8.1,India,Rakeysh Omprakash Mehra,126000.0,https://www.justwatch.com/in/movie/rang-de-basanti,Aamir Khan
Queen of Hearts,2019,Drama,127,7.0,Denmark,May el-Toukhy,17000.0,https://www.justwatch.com/in/movie/queen-of-hearts-2019,Trine Dyrholm
No Country for Old Men,2007,Crime,122,8.2,United States,Joel Coen,1000000.0,https://www.justwatch.com/in/movie/no-country-for-old-men,Ethan Coen
Zodiac,2007,Crime,157,7.7,United States,David Fincher,667000.0,https://www.justwatch.com/in/movie/zodiac,Jake Gyllenhaal
Sicario,2015,Action & Adventure,122,7.7,Mexico,Denis Villeneuve,533000.0,https://www.justwatch.com/in/movie/sicario,Emily Blunt
96,2018,Romance,159,8.5,India,C. Prem Kumar,45000.0,https://www.justwatch.com/in/movie/96,Vijay Sethupathi
Dune: Part Two,2024,Science-Fiction,166,8.4,United States,Denis Villeneuve,721000.0,https://www.justwatch.com/in/movie/dune-part-two,Timothée Chalamet
Get Out,2017,Mystery & Thriller,104,7.8,United States,Jordan Peele,809000.0,https://www.justwatch.com/in/movie/get-out,Daniel Kaluuya
Before Sunrise,1995,Drama,101,8.1,United States,Richard Linklater,374000.0,https://www.justwatch.com/in/movie/before-sunrise,Ethan Hawke
GoodFellas,1990,Drama,145,8.7,United States,Martin Scorsese,1000000.0,https://www.justwatch.com/in/movie/goodfellas,Robert De Niro
12th Fail,2023,Drama,146,8.7,India,Vidhu Vinod Chopra,169000.0,https://www.justwatch.com/in/movie/12th-fail,Vikrant Massey
Top Gun: Maverick,2022,Drama,131,8.2,United States,Joseph Kosinski,732000.0,https://www.justwatch.com/in/movie/top-gun-maverick,Tom Cruise
Spider-Man: Homecoming,2017,Action & Adventure,133,7.4,United States,Jon Watts,734000.0,https://www.justwatch.com/in/movie/spider-man-homecoming,Tom Holland
The Departed,2006,Mystery & Thriller,150,8.5,United States,Martin Scorsese,2000000.0,https://www.justwatch.com/in/movie/the-departed,Leonardo DiCaprio
The Man from Earth,2007,Science-Fiction,87,7.8,United States,Richard Schenkman,217000.0,https://www.justwatch.com/in/movie/the-man-from-earth,David Lee Smith
The Lunchbox,2013,Drama,104,7.8,United States,Ritesh Batra,67000.0,https://www.justwatch.com/in/movie/the-lunchbox,Irrfan Khan
Everything Everywhere All at Once,2022,Comedy,139,7.7,United States,Daniel Scheinert,623000.0,https://www.justwatch.com/in/movie/everything-everywhere-all-at-once,Daniel Kwan
Insomnia,2002,Drama,118,7.2,United States,Christopher Nolan,340000.0,https://www.justwatch.com/in/movie/insomnia-2002,Al Pacino
Chainsaw Man - The Movie: Reze Arc,2025,Animation,99,8.3,Japan,Tatsuya Yoshihara,48000.0,https://www.justwatch.com/in/movie/chainsaw-man-the-movie-reze-arc,Kikunosuke Toya
Detour,1945,Drama,68,7.3,United States,Edgar G. Ulmer,22000.0,https://www.justwatch.com/in/movie/detour-1945,Tom Neal
It Was Just an Accident,2025,Drama,106,7.5,Iran,Jafar Panahi,26000.0,https://www.justwatch.com/in/movie/it-was-just-an-accident,Ebrahim Azizi
Whiplash,2014,Drama,107,8.5,United States,Damien Chazelle,1000000.0,https://www.justwatch.com/in/movie/whiplash,Miles Teller
Anora,2024,Romance,139,7.4,United States,Sean Baker,266000.0,https://www.justwatch.com/in/movie/anora,Mikey Madison
There Will Be Blood,2007,Drama,158,8.2,United States,Paul Thomas Anderson,703000.0,https://www.justwatch.com/in/movie/there-will-be-blood,Daniel Day-Lewis
Incendies,2010,Drama,139,8.3,France,Denis Villeneuve,247000.0,https://www.justwatch.com/in/movie/incendies,Lubna Azabal
Perfect Days,2023,Drama,124,7.9,Japan,Wim Wenders,101000.0,https://www.justwatch.com/in/movie/perfect-days,Koji Yakusho
Andhadhun,2018,Mystery & Thriller,139,8.2,India,Sriram Raghavan,115000.0,https://www.justwatch.com/in/movie/andhadhun,Ayushmann Khurrana
The Dark Knight,2008,Mystery & Thriller,152,9.1,United Kingdom,Christopher Nolan,3000000.0,https://www.justwatch.com/in/movie/the-dark-knight,Christian Bale
Girls Will Be Girls,2024,Drama,119,7.0,France,Shuchi Talati,3400.0,https://www.justwatch.com/in/movie/girls-will-be-girls-2024,Kani Kusruti
Hereditary,2018,Horror,126,7.3,United States,Ari Aster,450000.0,https://www.justwatch.com/in/movie/hereditary,Toni Collette
Spider-Man: Across the Spider-Verse,2023,Action & Adventure,140,8.5,United States,Joaquim Dos Santos,512000.0,https://www.justwatch.com/in/movie/spider-man-into-the-spider-verse-2,Justin K. Thompson
Bāhubali: The Beginning,2015,Action & Adventure,159,8.0,India,S. S. Rajamouli,153000.0,https://www.justwatch.com/in/movie/baahubali-the-beginning,Prabhas
Jujutsu Kaisen 0,2021,Fantasy,105,7.8,Japan,Sunghoo Park,60000.0,https://www.justwatch.com/in/movie/jujutsu-kaisen-0-the-movie,Megumi Ogata
Moneyball,2011,Drama,134,7.6,United States,Bennett Miller,505000.0,https://www.justwatch.com/in/movie/moneyball,Brad Pitt
I Want to Eat Your Pancreas,2018,Animation,108,8.1,Japan,Shinichiro Ushijima,35000.0,https://www.justwatch.com/in/movie/i-want-to-eat-your-pancreas,Mahiro Takasugi
Pulp Fiction,1994,Mystery & Thriller,154,8.8,United States,Quentin Tarantino,2000000.0,https://www.justwatch.com/in/movie/pulp-fiction,John Travolta
Hot Fuzz,2007,Comedy,121,7.8,France,Edgar Wright,564000.0,https://www.justwatch.com/in/movie/hot-fuzz,Simon Pegg
Reservoir Dogs,1992,Mystery & Thriller,99,8.3,United States,Quentin Tarantino,1000000.0,https://www.justwatch.com/in/movie/reservoir-dogs,Harvey Keitel
Mars Express,2023,Science-Fiction,88,7.5,France,Jérémie Périn,14000.0,https://www.justwatch.com/in/movie/mars-express,Léa Drucker
Nightcrawler,2014,Drama,117,7.8,United States,Dan Gilroy,663000.0,https://www.justwatch.com/in/movie/nightcrawler,Jake Gyllenhaal
Demon Slayer -Kimetsu no Yaiba- The Movie: Mugen Train,2020,Action & Adventure,117,8.2,Japan,Haruo Sotozaki,99000.0,https://www.justwatch.com/in/movie/demon-slayer-kimetsu-no-yaiba-the-movie-mugen-train,Natsuki Hanae
12 Angry Men,1957,Drama,97,9.0,United States,Sidney Lumet,976000.0,https://www.justwatch.com/in/movie/12-angry-men,Martin Balsam
Spider-Man,2002,Science-Fiction,121,7.4,United States,Sam Raimi,960000.0,https://www.justwatch.com/in/movie/spider-man,Tobey Maguire
The Great Escape,1963,Action & Adventure,173,8.2,United States,John Sturges,276000.0,https://www.justwatch.com/in/movie/the-great-escape-1963,Steve McQueen
A Silent Voice: The Movie,2016,Animation,129,8.2,Japan,Naoko Yamada,138000.0,https://www.justwatch.com/in/movie/a-silent-voice,Miyu Irino
The Terminator,1984,Action & Adventure,108,8.1,United States,James Cameron,998000.0,https://www.justwatch.com/in/movie/the-terminator,Arnold Schwarzenegger
The Ugly Stepsister,2025,Horror,109,7.0,Denmark,Emilie Kristine Blichfeldt,41000.0,https://www.justwatch.com/in/movie/the-ugly-stepsister,Lea Myren
Arrival,2016,Science-Fiction,116,7.9,United States,Denis Villeneuve,855000.0,https://www.justwatch.com/in/movie/arrival,Amy Adams
Sapta Sagaradaache Ello – Side A,2023,Romance,140,8.2,India,Hemanth M. Rao,9700.0,https://www.justwatch.com/in/movie/saptha-sagaradaache-ello,Rakshit Shetty
Catch Me If You Can,2002,Drama,141,8.1,United States,Steven Spielberg,1000000.0,https://www.justwatch.com/in/movie/catch-me-if-you-can,Leonardo DiCaprio
Killers of the Flower Moon,2023,Drama,206,7.5,United States,Martin Scorsese,304000.0,https://www.justwatch.com/in/movie/killers-of-the-flower-moon,Leonardo DiCaprio
Your Name.,2016,Drama,106,8.4,Japan,Makoto Shinkai,387000.0,https://www.justwatch.com/in/movie/your-name,Ryunosuke Kamiki
The Town,2010,Mystery & Thriller,125,7.5,United Kingdom,Ben Affleck,445000.0,https://www.justwatch.com/in/movie/the-town,Ben Affleck
Santosh,2024,Drama,128,7.1,Germany,Sandhya Suri,3500.0,https://www.justwatch.com/in/movie/santosh-2024,Shahana Goswami
Rangasthalam,2018,Action & Adventure,179,8.2,India,Sukumar,31000.0,https://www.justwatch.com/in/movie/rangasthalam,Ram Charan
Talvar,2015,Mystery & Thriller,132,8.1,India,Meghna Gulzar,43000.0,https://www.justwatch.com/in/movie/talvar,Irrfan Khan
Witness for the Prosecution,1958,Crime,116,8.4,United States,Billy Wilder,161000.0,https://www.justwatch.com/in/movie/witness-for-the-prosecution,Tyrone Power
Terminator 2: Judgment Day,1991,Mystery & Thriller,137,8.6,United States,James Cameron,1000000.0,https://www.justwatch.com/in/movie/terminator-2-judgment-day,Arnold Schwarzenegger
Udta Punjab,2016,Crime,148,7.7,India,Abhishek Chaubey,34000.0,https://www.justwatch.com/in/movie/udta-punjab,Shahid Kapoor
Carrie,1976,Horror,98,7.4,United States,Brian De Palma,227000.0,https://www.justwatch.com/in/movie/carrie-1976,Sissy Spacek
"It's Never Over, Jeff Buckley",2025,Music & Musical,106,7.7,United Kingdom,Amy J. Berg,2400.0,https://www.justwatch.com/in/movie/its-never-over-jeff-buckley,Jeff Buckley
The Imitation Game,2014,Mystery & Thriller,113,8.0,United Kingdom,Morten Tyldum,874000.0,https://www.justwatch.com/in/movie/the-imitation-game,Benedict Cumberbatch
Shambhala,2024,Drama,150,7.1,United States,Min Bahadur Bham,1600.0,https://www.justwatch.com/in/movie/shambhala,Tenzing Dalha
Drive,2011,Drama,100,7.8,United States,Nicolas Winding Refn,757000.0,https://www.justwatch.com/in/movie/drive,Ryan Gosling
Fargo,1996,Crime,98,8.1,United States,Joel Coen,782000.0,https://www.justwatch.com/in/movie/fargo,Frances McDormand
The Martian,2015,Action & Adventure,141,8.0,United States,Ridley Scott,1000000.0,https://www.justwatch.com/in/movie/the-martian,Matt Damon
Ford v Ferrari,2019,History,152,8.1,United States,James Mangold,496000.0,https://www.justwatch.com/in/movie/ford-v-ferrari,Matt Damon
The Social Network,2010,Drama,120,7.8,United States,David Fincher,815000.0,https://www.justwatch.com/in/movie/the-social-network,Jesse Eisenberg
Bangalore Days,2014,Kids & Family,172,8.3,India,Anjali Menon,28000.0,https://www.justwatch.com/in/movie/bangalore-days,Nivin Pauly
Prey,2022,Mystery & Thriller,100,7.1,United States,Dan Trachtenberg,270000.0,https://www.justwatch.com/in/movie/prey-2022,Amber Midthunder
Edge of Tomorrow,2014,Science-Fiction,114,7.9,United States,Doug Liman,800000.0,https://www.justwatch.com/in/movie/edge-of-tomorrow,Tom Cruise
The Year Without a Santa Claus,1974,Animation,51,7.7,United States,"Arthur Rankin, Jr.",13000.0,https://www.justwatch.com/in/movie/the-year-without-a-santa-claus,Jules Bass
Heretic,2024,Horror,111,7.0,Canada,Bryan Woods,220000.0,https://www.justwatch.com/in/movie/heretic,Scott Beck
Red Rooms,2023,Crime,118,7.1,Canada,Pascal Plante,21000.0,https://www.justwatch.com/in/movie/les-chambres-rouges,Juliette Gariépy
Laapataa Ladies,2024,Comedy,122,8.3,India,Kiran Rao,59000.0,https://www.justwatch.com/in/movie/laapataa-ladies,Nitanshi Goel
Ex Machina,2015,Drama,108,7.7,United Kingdom,Alex Garland,635000.0,https://www.justwatch.com/in/movie/ex-machina,Domhnall Gleeson
No Way Out,1987,Mystery & Thriller,114,7.1,United States,Roger Donaldson,55000.0,https://www.justwatch.com/in/movie/no-way-out,Kevin Costner
Jurassic Park,1993,Action & Adventure,127,8.2,United States,Steven Spielberg,1000000.0,https://www.justwatch.com/in/movie/jurassic-park,Sam Neill
Maybe Someday,2022,Comedy,91,7.7,United States,Michelle Ehlen,69.0,https://www.justwatch.com/in/movie/maybe-someday,Michelle Ehlen
2001: A Space Odyssey,1968,Mystery & Thriller,149,8.3,United States,Stanley Kubrick,778000.0,https://www.justwatch.com/in/movie/2001-a-space-odyssey,Keir Dullea
Back to the Future,1985,Comedy,116,8.5,United States,Robert Zemeckis,1000000.0,https://www.justwatch.com/in/movie/back-to-the-future,Michael J. Fox
The Fighter,2010,Drama,116,7.8,United States,David O. Russell,407000.0,https://www.justwatch.com/in/movie/the-fighter-2010,Mark Wahlberg
Juror #2,2024,Drama,114,7.0,United States,Clint Eastwood,123000.0,https://www.justwatch.com/in/movie/juror-2,Nicholas Hoult
Spotlight,2015,Drama,129,8.1,United States,Tom McCarthy,533000.0,https://www.justwatch.com/in/movie/spotlight,Mark Ruffalo
Call Me by Your Name,2017,Drama,132,7.8,United States,Luca Guadagnino,328000.0,https://www.justwatch.com/in/movie/call-me-by-your-name,Armie Hammer
Hundreds of Beavers,2024,Comedy,108,7.6,United States,Mike Cheslik,16000.0,https://www.justwatch.com/in/movie/hundreds-of-beavers,Ryland Brickson Cole Tews
How to Train Your Dragon,2010,Fantasy,98,8.1,United States,Chris Sanders,887000.0,https://www.justwatch.com/in/movie/how-to-train-your-dragon,Dean DeBlois
Her,2013,Science-Fiction,126,8.0,United States,Spike Jonze,723000.0,https://www.justwatch.com/in/movie/her,Joaquin Phoenix
Schindler's List,1993,History,195,9.0,United States,Steven Spielberg,2000000.0,https://www.justwatch.com/in/movie/schindlers-list,Liam Neeson
Mad Max 2: The Road Warrior,1981,Mystery & Thriller,96,7.6,Australia,George Miller,212000.0,https://www.justwatch.com/in/movie/mad-max-2-the-road-warrior,Mel Gibson
Midnight Express,1978,Drama,121,7.5,United Kingdom,Alan Parker,94000.0,https://www.justwatch.com/in/movie/midnight-express,Brad Davis
Coraline,2009,Kids & Family,100,7.8,United States,Henry Selick,298000.0,https://www.justwatch.com/in/movie/coraline,Dakota Fanning
Young Frankenstein,1974,Comedy,106,8.0,United States,Mel Brooks,180000.0,https://www.justwatch.com/in/movie/young-frankenstein,Gene Wilder
Iron Man,2008,Action & Adventure,126,7.9,United States,Jon Favreau,1000000.0,https://www.justwatch.com/in/movie/iron-man,Robert Downey Jr.
Men in Black,1997,Comedy,98,7.3,United States,Barry Sonnenfeld,660000.0,https://www.justwatch.com/in/movie/men-in-black,Tommy Lee Jones
Mission: Impossible - Dead Reckoning Part One,2023,Action & Adventure,164,7.6,United States,Christopher McQuarrie,324000.0,https://www.justwatch.com/in/movie/mission-impossible-7,Tom Cruise
Baby Driver,2017,Action & Adventure,113,7.5,United States,Edgar Wright,679000.0,https://www.justwatch.com/in/movie/baby-driver,Ansel Elgort
Knives Out,2019,Comedy,131,7.9,United States,Rian Johnson,870000.0,https://www.justwatch.com/in/movie/knives-out,Daniel Craig
Poor Things,2023,Science-Fiction,141,7.8,United States,Yorgos Lanthimos,388000.0,https://www.justwatch.com/in/movie/poor-things,Emma Stone
John Wick: Chapter 4,2023,Mystery & Thriller,169,7.6,United States,Chad Stahelski,407000.0,https://www.justwatch.com/in/movie/john-wick-chapter-4,Keanu Reeves
Rocky,1976,Drama,120,8.1,United States,John G. Avildsen,684000.0,https://www.justwatch.com/in/movie/rocky-1976,Sylvester Stallone
Licorice Pizza,2021,Drama,133,7.1,United States,Paul Thomas Anderson,159000.0,https://www.justwatch.com/in/movie/licorice-pizza,Alana Haim
Manchester by the Sea,2016,Drama,138,7.8,United States,Kenneth Lonergan,353000.0,https://www.justwatch.com/in/movie/manchester-by-the-sea,Casey Affleck
Shaun of the Dead,2004,Comedy,99,7.8,United Kingdom,Edgar Wright,636000.0,https://www.justwatch.com/in/movie/shaun-of-the-dead,Simon Pegg
Peaky Blinders: The Immortal Man,2026,Crime,112,8.0,France,Tom Harper,832.0,https://www.justwatch.com/in/movie/peaky-blinders,Cillian Murphy
Up in the Air,2009,Drama,110,7.4,United States,Jason Reitman,360000.0,https://www.justwatch.com/in/movie/up-in-the-air,George Clooney
Lagaan: Once Upon a Time in India,2001,Drama,224,8.1,India,Ashutosh Gowariker,122000.0,https://www.justwatch.com/in/movie/lagaan-once-upon-a-time-in-india,Aamir Khan
Apollo 13,1995,Drama,140,7.7,United States,Ron Howard,335000.0,https://www.justwatch.com/in/movie/apollo-13,Tom Hanks
Grave of the Fireflies,1988,Animation,89,8.5,Japan,Isao Takahata,321000.0,https://www.justwatch.com/in/movie/grave-of-the-fireflies,Tsutomu Tatsumi
Mad Max: Fury Road,2015,Science-Fiction,121,8.1,United States,George Miller,1000000.0,https://www.justwatch.com/in/movie/mad-max-fury-road,Tom Hardy
Kiss Me Deadly,1955,Crime,106,7.5,United States,Robert Aldrich,24000.0,https://www.justwatch.com/in/movie/kiss-me-deadly-1955,Ralph Meeker
Breathless,1960,Drama,90,7.6,France,Jean-Luc Godard,95000.0,https://www.justwatch.com/in/movie/breathless-1960,Jean-Paul Belmondo
Guru,2007,Romance,166,7.7,India,Mani Ratnam,26000.0,https://www.justwatch.com/in/movie/guru-2007,Abhishek Bachchan
The Hurt Locker,2008,Drama,131,7.5,United States,Kathryn Bigelow,495000.0,https://www.justwatch.com/in/movie/the-hurt-locker,Jeremy Renner
777 Charlie,2022,Comedy,166,8.7,India,Kiranraj K.,47000.0,https://www.justwatch.com/in/movie/777-charlie,Rakshit Shetty
Threads,1985,War & Military,117,7.9,United Kingdom,Mick Jackson,27000.0,https://www.justwatch.com/in/movie/threads,Karen Meagher
Piku,2015,Comedy,123,7.6,India,Shoojit Sircar,37000.0,https://www.justwatch.com/in/movie/piku,Deepika Padukone
WALL·E,2008,Animation,104,8.4,United States,Andrew Stanton,1000000.0,https://www.justwatch.com/in/movie/wall-e,Ben Burtt
The Taking of Pelham One Two Three,1974,Crime,104,7.6,United States,Joseph Sargent,41000.0,https://www.justwatch.com/in/movie/the-taking-of-pelham-one-two-three,Walter Matthau
Cover-Up,2025,Documentary,117,7.5,United States,Mark Obenhaus,3200.0,https://www.justwatch.com/in/movie/cover-up-2025,Laura Poitras
Saving Private Ryan,1998,Drama,169,8.6,United States,Steven Spielberg,2000000.0,https://www.justwatch.com/in/movie/saving-private-ryan,Tom Hanks
Kill Bill: The Whole Bloody Affair,2011,Action & Adventure,253,8.8,United States,Quentin Tarantino,29000.0,https://www.justwatch.com/in/movie/kill-bill-the-whole-bloody-affair,Uma Thurman
Kung Fu Hustle,2004,Comedy,99,7.7,Hong Kong,Stephen Chow,163000.0,https://www.justwatch.com/in/movie/kung-fu-hustle,Stephen Chow
Little Miss Sunshine,2006,Drama,102,7.8,United States,Jonathan Dayton,555000.0,https://www.justwatch.com/in/movie/little-miss-sunshine,Valerie Faris
Mud,2013,Drama,130,7.3,United States,Jeff Nichols,199000.0,https://www.justwatch.com/in/movie/mud,Matthew McConaughey
Warfare,2025,War & Military,95,7.1,United States,Ray Mendoza,107000.0,https://www.justwatch.com/in/movie/warfare,Alex Garland
Uncut Gems,2019,Drama,136,7.4,United States,Josh Safdie,353000.0,https://www.justwatch.com/in/movie/uncut-gems,Benny Safdie
Zero Dark Thirty,2012,Drama,157,7.4,United States,Kathryn Bigelow,340000.0,https://www.justwatch.com/in/movie/zero-dark-thirty,Jessica Chastain
E.T. the Extra-Terrestrial,1982,Science-Fiction,115,7.9,United States,Steven Spielberg,469000.0,https://www.justwatch.com/in/movie/e-t-the-extra-terrestrial,Henry Thomas
Apocalypse Now,1979,Drama,147,8.4,United States,Francis Ford Coppola,721000.0,https://www.justwatch.com/in/movie/apocalypse-now,Martin Sheen
A Beautiful Day in the Neighborhood,2019,History,109,7.2,China,Marielle Heller,94000.0,https://www.justwatch.com/in/movie/a-beautiful-day-in-the-neighborhood,Matthew Rhys
Twinless,2025,Drama,100,7.3,United States,James Sweeney,12000.0,https://www.justwatch.com/in/movie/twinless,Dylan O'Brien
Kaithi,2019,Action & Adventure,147,8.4,India,Lokesh Kanagaraj,51000.0,https://www.justwatch.com/in/movie/kaithi,Karthi
Barbarian,2022,Mystery & Thriller,103,7.0,United States,Zach Cregger,256000.0,https://www.justwatch.com/in/movie/barbarian,Georgina Campbell
Up,2009,Action & Adventure,96,8.3,United States,Pete Docter,1000000.0,https://www.justwatch.com/in/movie/up,Ed Asner
Pan's Labyrinth,2006,War & Military,118,8.2,United States,Guillermo del Toro,744000.0,https://www.justwatch.com/in/movie/pans-labyrinth,Ivana Baquero
Palm Springs,2020,Science-Fiction,90,7.4,United States,Max Barbakow,212000.0,https://www.justwatch.com/in/movie/palm-springs,Andy Samberg
The Perfect Neighbor,2025,Crime,97,7.1,United States,Geeta Gandbhir,27000.0,https://www.justwatch.com/in/movie/the-perfect-neighbor,
Network,1976,Drama,122,8.1,United States,Sidney Lumet,185000.0,https://www.justwatch.com/in/movie/network,Faye Dunaway
Badlapur,2015,Mystery & Thriller,134,7.4,India,Sriram Raghavan,29000.0,https://www.justwatch.com/in/movie/badlapur,Varun Dhawan
Y Tu Mamá También,2001,Drama,106,7.7,Mexico,Alfonso Cuarón,140000.0,https://www.justwatch.com/in/movie/y-tu-mama-tambien,Diego Luna
The Grand Budapest Hotel,2014,Comedy,99,8.1,Germany,Wes Anderson,963000.0,https://www.justwatch.com/in/movie/the-grand-budapest-hotel,Ralph Fiennes
Meet Me in St. Louis,1944,Comedy,113,7.5,United States,Vincente Minnelli,31000.0,https://www.justwatch.com/in/movie/meet-me-in-st-louis,Judy Garland
Straume,2024,Animation,85,7.9,Latvia,Gints Zilbalodis,124000.0,https://www.justwatch.com/in/movie/flow-2024,
Slumdog Millionaire,2008,Drama,120,8.0,United Kingdom,Danny Boyle,908000.0,https://www.justwatch.com/in/movie/slumdog-millionaire,Dev Patel
Snowpiercer,2013,Action & Adventure,127,7.1,South Korea,Bong Joon Ho,418000.0,https://www.justwatch.com/in/movie/snowpiercer,Chris Evans
Titli,2015,Crime,112,7.5,India,Kanu Behl,5800.0,https://www.justwatch.com/in/movie/titli,Shashank Arora
Spy,2015,Crime,120,7.0,United States,Paul Feig,273000.0,https://www.justwatch.com/in/movie/spy,Melissa McCarthy
Little Women,2019,Romance,135,7.8,United States,Greta Gerwig,282000.0,https://www.justwatch.com/in/movie/little-women-2019,Saoirse Ronan
The Lord of the Rings: The Return of the King,2003,Action & Adventure,201,9.0,New Zealand,Peter Jackson,2000000.0,https://www.justwatch.com/in/movie/the-lord-of-the-rings-the-return-of-the-king,Elijah Wood
Anatomy of a Fall,2023,Crime,151,7.6,France,Justine Triet,207000.0,https://www.justwatch.com/in/movie/anatomie-dune-chute,Sandra Hüller
Hidden Figures,2016,Drama,127,7.8,United States,Theodore Melfi,286000.0,https://www.justwatch.com/in/movie/hidden-figures,Taraji P. Henson
Toy Story,1995,Comedy,81,8.3,United States,John Lasseter,1000000.0,https://www.justwatch.com/in/movie/toy-story,Tom Hanks
Groundhog Day,1993,Romance,101,8.0,United States,Harold Ramis,735000.0,https://www.justwatch.com/in/movie/groundhog-day,Bill Murray
Citizen Kane,1941,Drama,119,8.2,United States,Orson Welles,492000.0,https://www.justwatch.com/in/movie/citizen-kane,Orson Welles
Wuthering Heights,1939,Drama,104,7.5,United States,William Wyler,22000.0,https://www.justwatch.com/in/movie/wuthering-heights,Merle Oberon
Wild Tales,2014,Comedy,122,8.1,Argentina,Damián Szifron,237000.0,https://www.justwatch.com/in/movie/wild-tales,Ricardo Darín
The Witch,2015,Horror,92,7.0,United States,Robert Eggers,349000.0,https://www.justwatch.com/in/movie/the-witch,Anya Taylor-Joy
"Sorry, Baby",2025,Drama,104,7.1,United States,Eva Victor,21000.0,https://www.justwatch.com/in/movie/sorry-baby,Eva Victor
L.A. Confidential,1997,Mystery & Thriller,138,8.2,United States,Curtis Hanson,656000.0,https://www.justwatch.com/in/movie/l-a-confidential,Kevin Spacey
The Apartment,1960,Comedy,125,8.3,United States,Billy Wilder,218000.0,https://www.justwatch.com/in/movie/the-apartment,Jack Lemmon
Arco,2025,Drama,89,7.3,France,Ugo Bienvenu,3800.0,https://www.justwatch.com/in/movie/arco,Oscar Tresanini
A Quiet Place,2018,Science-Fiction,90,7.5,United States,John Krasinski,653000.0,https://www.justwatch.com/in/movie/a-quiet-place,Emily Blunt
Source Code,2011,Science-Fiction,93,7.5,United States,Duncan Jones,580000.0,https://www.justwatch.com/in/movie/source-code,Jake Gyllenhaal
Borat: Cultural Learnings of America for Make Benefit Glorious Nation of Kazakhstan,2006,Comedy,84,7.4,United Kingdom,Larry Charles,474000.0,https://www.justwatch.com/in/movie/borat-cultural-learnings-of-america-for-make-benefit-glorious-nation-of-kazakhstan,Sacha Baron Cohen
Little Shop of Horrors,1986,Horror,94,7.1,United States,Frank Oz,94000.0,https://www.justwatch.com/in/movie/little-shop-of-horrors,Rick Moranis
Amélie,2001,Comedy,122,8.3,France,Jean-Pierre Jeunet,836000.0,https://www.justwatch.com/in/movie/amelie,Audrey Tautou
K-Pop Demon Hunters,2025,Animation,95,7.5,United States,Chris Appelhans,123000.0,https://www.justwatch.com/in/movie/k-pop-demon-hunters,Maggie Kang
Airplane!,1980,Comedy,86,7.7,United States,Jim Abrahams,285000.0,https://www.justwatch.com/in/movie/airplane,Jerry Zucker
Creed,2015,Drama,133,7.6,United States,Ryan Coogler,332000.0,https://www.justwatch.com/in/movie/creed,Michael B. Jordan
Midnight in Paris,2011,Romance,94,7.6,France,Woody Allen,470000.0,https://www.justwatch.com/in/movie/midnight-in-paris,Owen Wilson
Train to Busan,2016,Mystery & Thriller,118,7.6,South Korea,Yeon Sang-ho,303000.0,https://www.justwatch.com/in/movie/train-to-busan,Gong Yoo
Hugo,2011,Drama,126,7.5,United Kingdom,Martin Scorsese,348000.0,https://www.justwatch.com/in/movie/hugo-2011,Asa Butterfield
Inside Out,2015,Kids & Family,95,8.1,United States,Pete Docter,907000.0,https://www.justwatch.com/in/movie/inside-out,Amy Poehler
Avengers: Endgame,2019,Science-Fiction,182,8.4,United States,Anthony Russo,1000000.0,https://www.justwatch.com/in/movie/avengers-endgame,Joe Russo
City of God,2002,Drama,130,8.6,France,Kátia Lund,866000.0,https://www.justwatch.com/in/movie/city-of-god-2002,Fernando Meirelles
Raat Akeli Hai,2020,Mystery & Thriller,149,7.2,India,Honey Trehan,20000.0,https://www.justwatch.com/in/movie/raat-akeli-hai,Nawazuddin Siddiqui
The Brutalist,2024,Drama,215,7.2,United States,Brady Corbet,134000.0,https://www.justwatch.com/in/movie/the-brutalist,Adrien Brody
Cure,1997,Crime,112,7.5,Japan,Kiyoshi Kurosawa,37000.0,https://www.justwatch.com/in/movie/cure,Koji Yakusho
Kill,2024,Action & Adventure,105,7.4,India,Nikhil Nagesh Bhat,46000.0,https://www.justwatch.com/in/movie/kill-2024,Lakshya Lalwani
Children of Men,2006,Science-Fiction,109,7.9,United Kingdom,Alfonso Cuarón,563000.0,https://www.justwatch.com/in/movie/children-of-men,Clive Owen
The Zone of Interest,2023,Drama,106,7.3,Poland,Jonathan Glazer,164000.0,https://www.justwatch.com/in/movie/the-zone-of-interest,Christian Friedel
Raging Bull,1980,Drama,129,8.1,United States,Martin Scorsese,408000.0,https://www.justwatch.com/in/movie/raging-bull,Robert De Niro
Dìdi,2024,Comedy,94,7.3,United States,Sean Wang,16000.0,https://www.justwatch.com/in/movie/didi-di-di,Izaac Wang
Manhunter,1986,Mystery & Thriller,120,7.2,United States,Michael Mann,91000.0,https://www.justwatch.com/in/movie/manhunter,William Petersen
All We Imagine as Light,2024,Drama,118,7.1,Italy,Payal Kapadia,14000.0,https://www.justwatch.com/in/movie/all-we-imagine-as-light,Kani Kusruti
Dungeons & Dragons: Honor Among Thieves,2023,Fantasy,134,7.2,United States,Jonathan Goldstein,272000.0,https://www.justwatch.com/in/movie/dungeons-and-dragons-2023,John Francis Daley
Sholay,1975,Western,162,8.1,India,Ramesh Sippy,60000.0,https://www.justwatch.com/in/movie/sholay,Dharmendra
Black Dog,2024,Drama,116,7.2,China,Guan Hu,5600.0,https://www.justwatch.com/in/movie/black-dog-2024,Eddie Peng Yu-Yan
The Worst Person in the World,2021,Drama,128,7.7,Denmark,Joachim Trier,103000.0,https://www.justwatch.com/in/movie/the-worst-person-in-the-world,Renate Reinsve
This Is Spinal Tap,1984,Comedy,82,7.9,United States,Rob Reiner,160000.0,https://www.justwatch.com/in/movie/this-is-spinal-tap,Christopher Guest
The Wailing,2016,Horror,146,7.4,South Korea,Na Hong-jin,86000.0,https://www.justwatch.com/in/movie/the-wailing,Kwak Do-won
CODA,2021,Drama,112,8.0,France,Sian Heder,205000.0,https://www.justwatch.com/in/movie/coda-2021,Emilia Jones
Silver Linings Playbook,2012,Drama,122,7.7,United States,David O. Russell,771000.0,https://www.justwatch.com/in/movie/silver-linings-playbook,Bradley Cooper
Suzume,2022,Animation,122,7.6,Japan,Makoto Shinkai,61000.0,https://www.justwatch.com/in/movie/suzume-no-tojimari,Nanoka Hara
Furiosa: A Mad Max Saga,2024,Science-Fiction,149,7.5,United States,George Miller,316000.0,https://www.justwatch.com/in/movie/furiosa,Anya Taylor-Joy
Die Hard,1988,Action & Adventure,131,8.2,United States,John McTiernan,1000000.0,https://www.justwatch.com/in/movie/die-hard,Bruce Willis
Come See Me in the Good Light,2025,Documentary,104,7.6,United States,Ryan White,2500.0,https://www.justwatch.com/in/movie/come-see-me-in-the-good-light,Andrea Gibson
A Christmas Carol,1984,Drama,101,7.8,United States,Clive Donner,22000.0,https://www.justwatch.com/in/movie/a-christmas-carol-1984,George C. Scott
Predator: Killer of Killers,2025,Mystery & Thriller,90,7.4,United States,Dan Trachtenberg,59000.0,https://www.justwatch.com/in/movie/predator-killer-of-killers,Lindsay LaVanchy
The Northman,2022,Fantasy,137,7.0,United States,Robert Eggers,297000.0,https://www.justwatch.com/in/movie/the-northman,Alexander Skarsgård
Psycho,1960,Horror,109,8.5,United States,Alfred Hitchcock,781000.0,https://www.justwatch.com/in/movie/psycho,Anthony Perkins
Lost in Translation,2003,Drama,102,7.7,United Kingdom,Sofia Coppola,526000.0,https://www.justwatch.com/in/movie/lost-in-translation,Bill Murray
Salaam Bombay!,1988,Drama,113,7.9,France,Mira Nair,11000.0,https://www.justwatch.com/in/movie/salaam-bombay,Shafiq Syed
"The Good, the Bad and the Ugly",1966,Western,161,8.8,United States,Sergio Leone,887000.0,https://www.justwatch.com/in/movie/the-good-the-bad-and-the-ugly,Clint Eastwood
The Hunt,2012,Drama,116,8.3,Sweden,Thomas Vinterberg,406000.0,https://www.justwatch.com/in/movie/the-hunt,Mads Mikkelsen
"Three Billboards Outside Ebbing, Missouri",2017,Drama,115,8.1,United Kingdom,Martin McDonagh,603000.0,https://www.justwatch.com/in/movie/three-billboards-outside-ebbing-missouri,Frances McDormand
The Gift,2015,Drama,108,7.0,Australia,Joel Edgerton,184000.0,https://www.justwatch.com/in/movie/the-gift,Joel Edgerton
Viduthalai: Part I,2023,Action & Adventure,146,8.1,India,Vetrimaaran,12000.0,https://www.justwatch.com/in/movie/viduthalai-part-1,Soori
Spirited Away,2001,Kids & Family,125,8.6,Japan,Hayao Miyazaki,958000.0,https://www.justwatch.com/in/movie/spirited-away,Rumi Hiiragi
Jab We Met,2007,Comedy,137,7.9,India,Imtiaz Ali,65000.0,https://www.justwatch.com/in/movie/jab-we-met,Shahid Kapoor
District 9,2009,Science-Fiction,112,7.9,New Zealand,Neill Blomkamp,750000.0,https://www.justwatch.com/in/movie/district-9,Sharlto Copley
A Star Is Born,2018,Drama,136,7.6,United States,Bradley Cooper,447000.0,https://www.justwatch.com/in/movie/a-star-is-born,Lady Gaga
A Bronx Tale,1993,Drama,121,7.8,United States,Robert De Niro,183000.0,https://www.justwatch.com/in/movie/a-bronx-tale,Robert De Niro
After Hours,1985,Comedy,97,7.6,United States,Martin Scorsese,96000.0,https://www.justwatch.com/in/movie/after-hours,Griffin Dunne
Promising Young Woman,2020,Drama,114,7.5,United States,Emerald Fennell,253000.0,https://www.justwatch.com/in/movie/promising-young-woman,Carey Mulligan
The Avengers,2012,Action & Adventure,143,8.0,United States,Joss Whedon,2000000.0,https://www.justwatch.com/in/movie/the-avengers,Robert Downey Jr.
Gravity,2013,Science-Fiction,91,7.7,United States,Alfonso Cuarón,896000.0,https://www.justwatch.com/in/movie/gravity,Sandra Bullock
Santa Claus Is Comin' to Town,1970,Fantasy,51,7.7,United States,Jules Bass,20000.0,https://www.justwatch.com/in/movie/santa-claus-is-comin-to-town,"Arthur Rankin, Jr."
The Philadelphia Story,1940,Comedy,113,7.8,United States,George Cukor,78000.0,https://www.justwatch.com/in/movie/the-philadelphia-story,Cary Grant
Weathering with You,2019,Animation,112,7.5,Japan,Makoto Shinkai,69000.0,https://www.justwatch.com/in/movie/weathering-with-you,Kotaro Daigo
Emmet Otter's Jug-Band Christmas,1977,Kids & Family,48,8.1,Canada,Jim Henson,5700.0,https://www.justwatch.com/in/movie/emmet-otters-jug-band-christmas,Jerry Nelson
Sling Blade,1996,Drama,135,8.0,United States,Billy Bob Thornton,105000.0,https://www.justwatch.com/in/movie/sling-blade,Billy Bob Thornton
The Station Agent,2003,Drama,88,7.6,United States,Tom McCarthy,79000.0,https://www.justwatch.com/in/movie/the-station-agent,Peter Dinklage
Ittefaq,2017,,105,7.2,India,Sidharth Malhotra,17000.0,https://www.justwatch.com/in/movie/ittefaq-it-happened-one-night,Sonakshi Sinha
Free Solo,2018,Documentary,100,8.1,United States,Jimmy Chin,87000.0,https://www.justwatch.com/in/movie/free-solo,Elizabeth Chai Vasarhelyi
In the Mood for Love,2000,Drama,97,8.1,France,Wong Kar-Wai,170000.0,https://www.justwatch.com/in/movie/in-the-mood-for-love,Maggie Cheung
Lawrence of Arabia,1962,History,228,8.3,United Kingdom,David Lean,340000.0,https://www.justwatch.com/in/movie/lawrence-of-arabia,Peter O'Toole
Sunset Boulevard,1950,Drama,110,8.4,United States,Billy Wilder,260000.0,https://www.justwatch.com/in/movie/sunset-boulevard,William Holden
It's a Wonderful Life,1946,Drama,129,8.6,United States,Frank Capra,552000.0,https://www.justwatch.com/in/movie/its-a-wonderful-life,James Stewart
The Peanut Butter Falcon,2019,Drama,98,7.6,United States,Michael Schwartz,119000.0,https://www.justwatch.com/in/movie/the-peanut-butter-falcon,Tyler Nilson
The Treasure of the Sierra Madre,1948,Western,126,8.2,United States,John Huston,141000.0,https://www.justwatch.com/in/movie/the-treasure-of-the-sierra-madre,Humphrey Bogart
Maqbool,2003,Drama,132,8.0,India,Vishal Bhardwaj,15000.0,https://www.justwatch.com/in/movie/maqbool,Irrfan Khan
Aftersun,2022,Drama,101,7.6,United Kingdom,Charlotte Wells,126000.0,https://www.justwatch.com/in/movie/aftersun,Paul Mescal
Godzilla Minus One,2023,Action & Adventure,124,7.7,Japan,Takashi Yamazaki,201000.0,https://www.justwatch.com/in/movie/godzilla-minus-one,Ryunosuke Kamiki
Thiruchitrambalam,2022,Drama,133,7.9,India,Mithran Jawahar,19000.0,https://www.justwatch.com/in/movie/thiruchitrambalam,Dhanush
Special 26,2013,Mystery & Thriller,144,8.0,India,Neeraj Pandey,62000.0,https://www.justwatch.com/in/movie/special-26,Akshay Kumar
Ran,1985,Action & Adventure,160,8.2,Japan,Akira Kurosawa,151000.0,https://www.justwatch.com/in/movie/ran,Tatsuya Nakadai
Holiday Inn,1942,Drama,100,7.3,United States,Mark Sandrich,19000.0,https://www.justwatch.com/in/movie/holiday-inn,Bing Crosby
The Fly,1986,Horror,96,7.6,Canada,David Cronenberg,223000.0,https://www.justwatch.com/in/movie/the-fly-1986,Jeff Goldblum
A Nice Indian Boy,2025,Romance,96,7.3,United States,Roshan Sethi,7400.0,https://www.justwatch.com/in/movie/a-nice-indian-boy,Karan Soni
Ullozhukku,2024,Drama,123,7.6,India,Christo Tomy,2200.0,https://www.justwatch.com/in/movie/ullozhukku,Urvashi
October,2018,Drama,109,7.6,India,Shoojit Sircar,21000.0,https://www.justwatch.com/in/movie/october,Varun Dhawan
Spider-Man: Far From Home,2019,Action & Adventure,129,7.3,United States,Jon Watts,631000.0,https://www.justwatch.com/in/movie/spider-man-far-from-home,Tom Holland
Casino Royale,2006,Action & Adventure,144,8.0,United Kingdom,Martin Campbell,740000.0,https://www.justwatch.com/in/movie/casino-royale-2006,Daniel Craig
Glass Onion: A Knives Out Mystery,2022,Comedy,140,7.1,United States,Rian Johnson,518000.0,https://www.justwatch.com/in/movie/knives-out-2,Daniel Craig
Raiders of the Lost Ark,1981,,115,8.4,United States,Steven Spielberg,1000000.0,https://www.justwatch.com/in/movie/raiders-of-the-lost-ark,Harrison Ford
Million Dollar Baby,2004,Drama,132,8.1,Switzerland,Clint Eastwood,763000.0,https://www.justwatch.com/in/movie/million-dollar-baby,Clint Eastwood
Jai Bhim,2021,Crime,164,8.6,India,T. J. Gnanavel,233000.0,https://www.justwatch.com/in/movie/jai-bhim,Suriya
Vertigo,1958,Mystery & Thriller,128,8.2,United States,Alfred Hitchcock,457000.0,https://www.justwatch.com/in/movie/vertigo,James Stewart
The Princess Bride,1987,Fantasy,98,8.0,United States,Rob Reiner,483000.0,https://www.justwatch.com/in/movie/the-princess-bride,Cary Elwes
Spider-Man 2,2004,Action & Adventure,127,7.5,United States,Sam Raimi,778000.0,https://www.justwatch.com/in/movie/spider-man-2,Tobey Maguire
The Shape of Water,2017,Fantasy,123,7.3,United States,Guillermo del Toro,473000.0,https://www.justwatch.com/in/movie/the-shape-of-water,Sally Hawkins
The Banshees of Inisherin,2022,Drama,114,7.6,United States,Martin McDonagh,293000.0,https://www.justwatch.com/in/movie/the-banshees-of-inisherin,Colin Farrell
I'm Still Here,2024,Drama,137,8.1,Brazil,Walter Salles,145000.0,https://www.justwatch.com/in/movie/im-still-here-2025,Fernanda Torres
The Invisible Man,2020,Horror,124,7.1,Australia,Leigh Whannell,282000.0,https://www.justwatch.com/in/movie/the-invisible-man,Elisabeth Moss
When Harry Met Sally...,1989,Romance,96,7.7,United States,Rob Reiner,271000.0,https://www.justwatch.com/in/movie/when-harry-met-sally,Billy Crystal
Conclave,2024,Drama,120,7.4,United States,Edward Berger,254000.0,https://www.justwatch.com/in/movie/conclave,Ralph Fiennes
The Lord of the Rings: The Two Towers,2002,Action & Adventure,179,8.8,New Zealand,Peter Jackson,2000000.0,https://www.justwatch.com/in/movie/the-lord-of-the-rings-the-two-towers,Elijah Wood
Big Hero 6,2014,Comedy,102,7.8,United States,Don Hall,549000.0,https://www.justwatch.com/in/movie/big-hero-6,Chris Williams
Rudolph the Red-Nosed Reindeer,1964,Fantasy,47,8.0,United States,Larry Roemer,42000.0,https://www.justwatch.com/in/movie/rudolph-the-red-nosed-reindeer-1964,Burl Ives
School of Rock,2003,Comedy,110,7.2,United States,Richard Linklater,356000.0,https://www.justwatch.com/in/movie/school-of-rock,Jack Black
Boiling Point,2021,Drama,92,7.5,United Kingdom,Philip Barantini,55000.0,https://www.justwatch.com/in/movie/boiling-point-2021,Stephen Graham
Strange Darling,2024,Horror,97,7.0,United States,JT Mollner,68000.0,https://www.justwatch.com/in/movie/strange-darling,Willa Fitzgerald
Harry Potter and the Deathly Hallows: Part 2,2011,Fantasy,134,8.1,United States,David Yates,1000000.0,https://www.justwatch.com/in/movie/harry-potter-and-the-deathly-hallows-part-2,Daniel Radcliffe
Good Time,2017,Mystery & Thriller,101,7.3,United States,Benny Safdie,155000.0,https://www.justwatch.com/in/movie/good-time,Josh Safdie
2018,2023,Action & Adventure,150,8.3,India,Jude Anthany Joseph,16000.0,https://www.justwatch.com/in/movie/2018-2023,Tovino Thomas
BlackBerry,2023,Comedy,120,7.3,Canada,Matt Johnson,68000.0,https://www.justwatch.com/in/movie/blackberry,Jay Baruchel
Mission: Impossible - Fallout,2018,Action & Adventure,147,7.7,United States,Christopher McQuarrie,418000.0,https://www.justwatch.com/in/movie/mission-impossible-fallout,Tom Cruise
Escape from Mogadishu,2021,Drama,121,7.0,South Korea,Ryoo Seung-wan,8400.0,https://www.justwatch.com/in/movie/escape-from-mogadishu,Kim Yun-seok
Courageous Warriors Beauty from the Ashes,2022,Documentary,91,9.5,United States,Darla Rae,51.0,https://www.justwatch.com/in/movie/courageous-warriors-beauty-from-the-ashes,Dee Wallace
Downfall,2004,Drama,156,8.2,Austria,Oliver Hirschbiegel,380000.0,https://www.justwatch.com/in/movie/downfall,Bruno Ganz
Heojil kyolshim,2022,Crime,139,7.3,South Korea,Park Chan-wook,68000.0,https://www.justwatch.com/in/movie/decision-to-leave,Tang Wei
The Suicide Squad,2021,Action & Adventure,132,7.2,United States,James Gunn,455000.0,https://www.justwatch.com/in/movie/the-suicide-squad,Margot Robbie
The Great Escaper,2023,History,96,7.0,Sweden,Oliver Parker,10000.0,https://www.justwatch.com/in/movie/the-great-escaper,Michael Caine
Kneecap,2024,Music & Musical,105,7.6,United Kingdom,Rich Peppiatt,24000.0,https://www.justwatch.com/in/movie/kneecap,Josie Walker
Ratatouille,2007,Comedy,111,8.1,United States,Brad Bird,934000.0,https://www.justwatch.com/in/movie/ratatouille,Patton Oswalt
The Cabin in the Woods,2012,Mystery & Thriller,95,7.0,Canada,Drew Goddard,488000.0,https://www.justwatch.com/in/movie/the-cabin-in-the-woods,Kristen Connolly
The Lego Movie,2014,Fantasy,100,7.7,Australia,Christopher Miller,413000.0,https://www.justwatch.com/in/movie/the-lego-movie,Phil Lord
Bone Tomahawk,2015,Drama,132,7.1,United States,S. Craig Zahler,139000.0,https://www.justwatch.com/in/movie/bone-tomahawk,Kurt Russell
Fighting with My Family,2019,Comedy,108,7.0,United Kingdom,Stephen Merchant,93000.0,https://www.justwatch.com/in/movie/fighting-with-my-family,Florence Pugh
Kahaani,2012,Mystery & Thriller,122,8.1,India,Sujoy Ghosh,70000.0,https://www.justwatch.com/in/movie/kahaani,Vidya Balan
The Godfather Part II,1974,Drama,200,9.0,United States,Francis Ford Coppola,1000000.0,https://www.justwatch.com/in/movie/the-godfather-part-ii,Al Pacino
Ring,1998,Horror,96,7.2,Japan,Hideo Nakata,79000.0,https://www.justwatch.com/in/movie/ringu,Nanako Matsushima
The Fugitive,1993,Drama,131,7.8,United States,Andrew Davis,344000.0,https://www.justwatch.com/in/movie/the-fugitive,Harrison Ford
Dr. No,1962,Mystery & Thriller,110,7.2,United Kingdom,Terence Young,194000.0,https://www.justwatch.com/in/movie/dr-no,Sean Connery
Dogtooth,2009,Drama,98,7.1,Greece,Yorgos Lanthimos,122000.0,https://www.justwatch.com/in/movie/dogtooth,Christos Stergioglou
Lady Bird,2017,Drama,94,7.4,United States,Greta Gerwig,361000.0,https://www.justwatch.com/in/movie/lady-bird,Saoirse Ronan
Dil Chahta Hai,2001,Romance,183,8.0,India,Farhan Akhtar,80000.0,https://www.justwatch.com/in/movie/dil-chahta-hai,Aamir Khan
Volver,2006,Romance,121,7.6,Spain,Pedro Almodóvar,112000.0,https://www.justwatch.com/in/movie/volver,Penélope Cruz
Coco,2017,Animation,109,8.4,United States,Lee Unkrich,698000.0,https://www.justwatch.com/in/movie/coco,Anthony Gonzalez
The Pianist,2002,Drama,150,8.5,United Kingdom,Roman Polanski,1000000.0,https://www.justwatch.com/in/movie/the-pianist,Adrien Brody
Sing Sing,2024,Drama,107,7.6,United States,Greg Kwedar,29000.0,https://www.justwatch.com/in/movie/sing-sing,Colman Domingo
One Flew Over the Cuckoo's Nest,1975,Drama,133,8.6,United States,Miloš Forman,1000000.0,https://www.justwatch.com/in/movie/one-flew-over-the-cuckoos-nest,Jack Nicholson
The Host,2006,Horror,120,7.1,South Korea,Bong Joon Ho,142000.0,https://www.justwatch.com/in/movie/the-host-2006,Song Kang-ho
Finding Nemo,2003,Animation,106,8.2,United States,Andrew Stanton,1000000.0,https://www.justwatch.com/in/movie/finding-nemo,Albert Brooks
The White House Effect,2024,Documentary,96,7.2,United States,Pedro Kos,529.0,https://www.justwatch.com/in/movie/the-white-house-effect,Jon Shenk
From Russia with Love,1963,Action & Adventure,115,7.3,United Kingdom,Terence Young,158000.0,https://www.justwatch.com/in/movie/from-russia-with-love,Sean Connery
Judgment at Nuremberg,1961,Drama,180,8.3,United States,Stanley Kramer,96000.0,https://www.justwatch.com/in/movie/judgment-at-nuremberg,Spencer Tracy
Playtime,1967,Comedy,115,7.8,France,Jacques Tati,29000.0,https://www.justwatch.com/in/movie/playtime,Jacques Tati
Kokuhô,2025,Drama,175,7.6,Japan,Lee Sang-il,3600.0,https://www.justwatch.com/in/movie/kokuho,Ryo Yoshizawa
Pink,2016,Drama,136,8.0,India,Aniruddha Roy Chowdhury,52000.0,https://www.justwatch.com/in/movie/pink,Amitabh Bachchan
Bridge of Spies,2015,Mystery & Thriller,141,7.6,Germany,Steven Spielberg,343000.0,https://www.justwatch.com/in/movie/bridge-of-spies,Tom Hanks
Sweet Smell of Success,1957,Drama,97,8.0,United States,Alexander Mackendrick,40000.0,https://www.justwatch.com/in/movie/sweet-smell-of-success,Burt Lancaster
Body Heat,1981,Mystery & Thriller,113,7.4,United States,Lawrence Kasdan,44000.0,https://www.justwatch.com/in/movie/body-heat,William Hurt
Moothon,2019,Drama,110,7.3,India,Geethu Mohandas,2400.0,https://www.justwatch.com/in/movie/the-elder-one,Sanjana Dipu
First Reformed,2018,Drama,113,7.1,United States,Paul Schrader,67000.0,https://www.justwatch.com/in/movie/first-reformed,Ethan Hawke
Eega,2012,Action & Adventure,145,7.7,India,S. S. Rajamouli,28000.0,https://www.justwatch.com/in/movie/eega,Sudeepa
Thor: Ragnarok,2017,Comedy,131,7.9,United States,Taika Waititi,888000.0,https://www.justwatch.com/in/movie/thor-ragnarok,Chris Hemsworth
Boogie Nights,1997,Drama,147,7.9,United States,Paul Thomas Anderson,304000.0,https://www.justwatch.com/in/movie/boogie-nights,Mark Wahlberg
Late Night with the Devil,2024,Horror,93,7.0,Australia,Cameron Cairnes,145000.0,https://www.justwatch.com/in/movie/late-night-with-the-devil,Colin Cairnes
Awe!,2018,Action & Adventure,115,7.6,India,Prasanth Varma,6500.0,https://www.justwatch.com/in/movie/awe,Kajal Aggarwal
100 METERS,2025,Animation,107,7.6,Japan,Kenji Iwaisawa,5900.0,https://www.justwatch.com/in/movie/100-meters,Tori Matsuzaka
Touch,2024,Romance,121,7.4,Iceland,Baltasar Kormákur,7100.0,https://www.justwatch.com/in/movie/touch-0,Egill Ólafsson
Halloween,1978,Horror,91,7.7,United States,John Carpenter,337000.0,https://www.justwatch.com/in/movie/halloween-1978,Donald Pleasence
Hell or High Water,2016,Drama,102,7.6,United States,David Mackenzie,275000.0,https://www.justwatch.com/in/movie/hell-or-high-water,Jeff Bridges
Downton Abbey: The Grand Finale,2025,Drama,123,7.3,United Kingdom,Simon Curtis,16000.0,https://www.justwatch.com/in/movie/downton-abbey-3,Michelle Dockery
Aliens,1986,Mystery & Thriller,137,8.4,United States,James Cameron,837000.0,https://www.justwatch.com/in/movie/aliens,Sigourney Weaver
How to Train Your Dragon: The Hidden World,2019,Animation,104,7.4,United States,Dean DeBlois,177000.0,https://www.justwatch.com/in/movie/how-to-train-your-dragon-3,Jay Baruchel
The Ballad of Wallis Island,2025,Drama,100,7.4,United Kingdom,James Griffiths,21000.0,https://www.justwatch.com/in/movie/the-ballad-of-wallis-island,Tom Basden
Shang-Chi and the Legend of the Ten Rings,2021,Fantasy,132,7.4,United States,Destin Daniel Cretton,446000.0,https://www.justwatch.com/in/movie/shang-chi-and-the-legend-of-the-ten-rings,Simu Liu
Better Days,2019,Romance,135,7.6,Hong Kong,Derek Tsang Kwok-Cheung,17000.0,https://www.justwatch.com/in/movie/better-days,Zhou Dongyu
Society of the Snow,2023,Drama,143,7.8,Spain,J.A. Bayona,172000.0,https://www.justwatch.com/in/movie/society-of-the-snow,Enzo Vogrincic
My Neighbor Totoro,1988,Kids & Family,86,8.1,Japan,Hayao Miyazaki,428000.0,https://www.justwatch.com/in/movie/my-neighbor-totoro,Noriko Hidaka
The Wicker Man,1973,Horror,88,7.5,United Kingdom,Robin Hardy,105000.0,https://www.justwatch.com/in/movie/the-wicker-man-1973,Edward Woodward
A Quiet Place Part II,2021,Science-Fiction,96,7.2,United States,John Krasinski,319000.0,https://www.justwatch.com/in/movie/a-quiet-place-part-ii,Emily Blunt
La haine,1995,Drama,98,8.1,France,Mathieu Kassovitz,224000.0,https://www.justwatch.com/in/movie/la-haine,Vincent Cassel
Almost Famous,2000,Drama,124,7.9,United States,Cameron Crowe,314000.0,https://www.justwatch.com/in/movie/almost-famous,Billy Crudup
The Commitments,1991,Music & Musical,113,7.6,United States,Alan Parker,43000.0,https://www.justwatch.com/in/movie/the-commitments,Robert Arkins
Paterson,2016,Comedy,118,7.3,United States,Jim Jarmusch,95000.0,https://www.justwatch.com/in/movie/paterson,Adam Driver
Willy Wonka & the Chocolate Factory,1971,Comedy,100,7.8,United States,Mel Stuart,244000.0,https://www.justwatch.com/in/movie/willy-wonka-and-the-chocolate-factory,Gene Wilder
Togo,2019,Kids & Family,113,7.9,United States,Ericson Core,62000.0,https://www.justwatch.com/in/movie/togo,Willem Dafoe
I'm Your Man,2021,Science-Fiction,104,7.1,Germany,Maria Schrader,15000.0,https://www.justwatch.com/in/movie/im-your-man,Maren Eggert
No Other Land,2024,Documentary,92,8.2,Denmark,Yuval Abraham,34000.0,https://www.justwatch.com/in/movie/no-other-land,Rachel Szor
Tangerine,2015,Comedy,87,7.1,United States,Sean Baker,43000.0,https://www.justwatch.com/in/movie/tangerine,Kitana Kiki Rodriguez
El 47,2024,Drama,110,7.2,Spain,Marcel Barrena,5000.0,https://www.justwatch.com/in/movie/the-47,Eduard Fernández
North by Northwest,1959,Drama,136,8.3,United States,Alfred Hitchcock,368000.0,https://www.justwatch.com/in/movie/north-by-northwest,Cary Grant
The Irishman,2019,Drama,209,7.8,United States,Martin Scorsese,469000.0,https://www.justwatch.com/in/movie/the-irishman,Robert De Niro
BlacKkKlansman,2018,History,136,7.5,United States,Spike Lee,312000.0,https://www.justwatch.com/in/movie/blackkklansman,John David Washington
The Stringer: The Man Who Took the Photo,2025,Documentary,100,7.3,France,Bao Nguyen,916.0,https://www.justwatch.com/in/movie/the-stringer-the-man-who-took-the-photo,
The Hunger Games: Catching Fire,2013,Science-Fiction,146,7.5,United States,Francis Lawrence,769000.0,https://www.justwatch.com/in/movie/the-hunger-games-catching-fire,Jennifer Lawrence
To All the Boys I've Loved Before,2018,Comedy,100,7.0,United States,Susan Johnson,127000.0,https://www.justwatch.com/in/movie/to-all-the-boys-ive-loved-before,Lana Condor
Article 15,2019,Crime,130,8.1,India,Anubhav Sinha,41000.0,https://www.justwatch.com/in/movie/article-15,Ayushmann Khurrana
Quiz Show,1994,History,133,7.5,United States,Robert Redford,77000.0,https://www.justwatch.com/in/movie/quiz-show,John Turturro
Midnight Run,1988,Mystery & Thriller,126,7.5,United States,Martin Brest,103000.0,https://www.justwatch.com/in/movie/midnight-run,Robert De Niro
Logan,2017,Action & Adventure,137,8.1,United States,James Mangold,920000.0,https://www.justwatch.com/in/movie/logan,Hugh Jackman
Little Women,1994,Kids & Family,115,7.3,United States,Gillian Armstrong,69000.0,https://www.justwatch.com/in/movie/little-women,Winona Ryder
"It's the Great Pumpkin, Charlie Brown",1966,Animation,25,8.1,United States,Bill Melendez,24000.0,https://www.justwatch.com/in/movie/its-the-great-pumpkin-charlie-brown,Peter Robbins
Fantastic Mr. Fox,2009,Action & Adventure,87,7.9,United States,Wes Anderson,302000.0,https://www.justwatch.com/in/movie/fantastic-mr-fox,George Clooney
Harry Potter and the Prisoner of Azkaban,2004,Fantasy,141,7.9,United Kingdom,Alfonso Cuarón,761000.0,https://www.justwatch.com/in/movie/harry-potter-and-the-prisoner-of-azkaban,Daniel Radcliffe
Boys Don't Cry,1999,Drama,118,7.5,United States,Kimberly Peirce,107000.0,https://www.justwatch.com/in/movie/boys-dont-cry,Hilary Swank
Booksmart,2019,Comedy,102,7.1,United States,Olivia Wilde,140000.0,https://www.justwatch.com/in/movie/booksmart,Kaitlyn Dever
Black Friday,2004,Drama,162,8.4,India,Anurag Kashyap,25000.0,https://www.justwatch.com/in/movie/black-friday-2004,Kay Kay Menon
Birdman or,2014,Drama,120,7.7,United States,Alejandro González Iñárritu,696000.0,https://www.justwatch.com/in/movie/birdman,Michael Keaton
Gone Baby Gone,2007,Drama,114,7.6,United States,Ben Affleck,309000.0,https://www.justwatch.com/in/movie/gone-baby-gone,Casey Affleck
Persepolis,2007,Drama,95,8.0,France,Vincent Paronnaud,105000.0,https://www.justwatch.com/in/movie/persepolis,Marjane Satrapi
Before Midnight,2013,Drama,109,7.9,Greece,Richard Linklater,185000.0,https://www.justwatch.com/in/movie/before-midnight,Ethan Hawke
Edward Scissorhands,1990,Fantasy,105,7.8,United States,Tim Burton,562000.0,https://www.justwatch.com/in/movie/edward-scissorhands,Johnny Depp
Kabhi Khushi Kabhie Gham,2001,Drama,209,7.5,United Kingdom,Karan Johar,63000.0,https://www.justwatch.com/in/movie/kabhi-khushi-kabhie-gham,Amitabh Bachchan
Pearl,2022,Horror,102,7.0,United States,Ti West,157000.0,https://www.justwatch.com/in/movie/pearl-2022,Mia Goth
Of Mice and Men,1992,Drama,115,7.4,United States,Gary Sinise,51000.0,https://www.justwatch.com/in/movie/of-mice-and-men,John Malkovich
Winter's Bone,2010,Drama,101,7.1,United States,Debra Granik,157000.0,https://www.justwatch.com/in/movie/winters-bone,Jennifer Lawrence
Skyfall,2012,Action & Adventure,143,7.8,United Kingdom,Sam Mendes,769000.0,https://www.justwatch.com/in/movie/skyfall,Daniel Craig
Red Rocket,2021,Drama,130,7.1,United States,Sean Baker,43000.0,https://www.justwatch.com/in/movie/red-rocket,Simon Rex
Blue Velvet,1986,Crime,120,7.7,United States,David Lynch,244000.0,https://www.justwatch.com/in/movie/blue-velvet,Isabella Rossellini
Another Round,2020,Comedy,112,7.7,Netherlands,Thomas Vinterberg,224000.0,https://www.justwatch.com/in/movie/another-round,Mads Mikkelsen
The Man from Nowhere,2010,Action & Adventure,119,7.7,South Korea,Lee Jeong-beom,80000.0,https://www.justwatch.com/in/movie/the-man-from-nowhere,Won Bin
Stalker,1979,Drama,163,8.0,Soviet Union,Andrei Tarkovsky,156000.0,https://www.justwatch.com/in/movie/stalker,Alisa Freyndlikh
A Separation,2011,Drama,123,8.3,Iran,Asghar Farhadi,277000.0,https://www.justwatch.com/in/movie/a-separation,Leila Hatami
Heathers,1989,Comedy,103,7.1,United States,Michael Lehmann,126000.0,https://www.justwatch.com/in/movie/heathers,Winona Ryder
Akira,1988,Action & Adventure,124,8.0,Japan,Katsuhiro Otomo,225000.0,https://www.justwatch.com/in/movie/akira-1988,Mitsuo Iwata
Monty Python and the Holy Grail,1975,Comedy,91,8.2,United Kingdom,Terry Gilliam,601000.0,https://www.justwatch.com/in/movie/monty-python-and-the-holy-grail,Terry Jones
Dog Day Afternoon,1975,Crime,124,8.0,United States,Sidney Lumet,291000.0,https://www.justwatch.com/in/movie/dog-day-afternoon,Al Pacino
Selena y Los Dinos: A Family's Legacy,2025,Documentary,117,7.9,United States,Isabel Castro,883.0,https://www.justwatch.com/in/movie/selena-y-los-dinos,Selena Quintanilla
A Simple Plan,1998,Mystery & Thriller,121,7.5,Japan,Sam Raimi,77000.0,https://www.justwatch.com/in/movie/a-simple-plan,Billy Bob Thornton
Fanaa,2006,Drama,168,7.1,India,Kunal Kohli,37000.0,https://www.justwatch.com/in/movie/fanaa,Aamir Khan
Ninja Scroll,1993,Fantasy,94,7.8,Japan,Yoshiaki Kawajiri,44000.0,https://www.justwatch.com/in/movie/ninja-scroll,Koichi Yamadera
"Natsu e no tunnel, Sayonara no deguchi",2022,Science-Fiction,85,7.2,Japan,Tomohisa Taguchi,6500.0,https://www.justwatch.com/in/movie/natsu-e-no-tunnel-sayonara-no-deguchi,Ouji Suzuka
Last Film Show,2022,Drama,110,7.4,France,Pan Nalin,4900.0,https://www.justwatch.com/in/movie/last-film-show,Bhavin Rabari
The Celebration,1998,Drama,101,8.0,Denmark,Thomas Vinterberg,100000.0,https://www.justwatch.com/in/movie/the-celebration,Ulrich Thomsen
Amadeus,1984,History,160,8.4,United States,Miloš Forman,465000.0,https://www.justwatch.com/in/movie/amadeus,F. Murray Abraham
Suspiria,1977,Horror,99,7.3,Italy,Dario Argento,116000.0,https://www.justwatch.com/in/movie/suspiria,Jessica Harper
Neerja,2016,Drama,122,7.6,India,Ram Madhvani,25000.0,https://www.justwatch.com/in/movie/neerja,Sonam Kapoor
Witness,1985,Mystery & Thriller,112,7.3,United States,Peter Weir,113000.0,https://www.justwatch.com/in/movie/witness,Harrison Ford
Come and See,1985,Drama,142,8.3,Soviet Union,Elem Klimov,121000.0,https://www.justwatch.com/in/movie/come-and-see,Aleksei Kravchenko
Looper,2012,Mystery & Thriller,119,7.4,United States,Rian Johnson,627000.0,https://www.justwatch.com/in/movie/looper,Joseph Gordon-Levitt
El Camino: A Breaking Bad Movie,2019,Mystery & Thriller,122,7.3,United States,Vince Gilligan,301000.0,https://www.justwatch.com/in/movie/el-camino-a-breaking-bad-movie,Aaron Paul
127 Hours,2010,Mystery & Thriller,94,7.5,United Kingdom,Danny Boyle,423000.0,https://www.justwatch.com/in/movie/127-hours,James Franco
Escape from Alcatraz,1979,Drama,113,7.5,United States,Don Siegel,162000.0,https://www.justwatch.com/in/movie/escape-from-alcatraz,Clint Eastwood
A Fish Called Wanda,1988,Comedy,108,7.5,United States,Charles Crichton,165000.0,https://www.justwatch.com/in/movie/a-fish-called-wanda,Jamie Lee Curtis
Adaptation.,2002,Comedy,115,7.6,United States,Spike Jonze,213000.0,https://www.justwatch.com/in/movie/adaptation,Nicolas Cage
The Vanishing,1988,Made in Europe,106,7.6,France,George Sluizer,54000.0,https://www.justwatch.com/in/movie/the-vanishing,Bernard-Pierre Donnadieu
Air,2023,History,112,7.4,United States,Ben Affleck,194000.0,https://www.justwatch.com/in/movie/air-2023,Matt Damon
Secret Superstar,2017,Drama,150,7.7,India,Zaira Wasim,32000.0,https://www.justwatch.com/in/movie/secret-superstar,Aamir Khan
The Holdovers,2023,Comedy,133,7.9,United States,Alexander Payne,245000.0,https://www.justwatch.com/in/movie/the-holdovers,Paul Giamatti
Puss in Boots: The Last Wish,2022,Kids & Family,103,7.8,United States,Joel Crawford,222000.0,https://www.justwatch.com/in/movie/puss-in-boots-the-last-wish,Antonio Banderas
Häxan,1922,Documentary,105,7.6,Sweden,Benjamin Christensen,19000.0,https://www.justwatch.com/in/movie/haxan,Benjamin Christensen
Dane-ye anjir-e ma'abed,2024,Crime,167,7.5,Germany,Mohammad Rasoulof,19000.0,https://www.justwatch.com/in/movie/the-seed-of-the-sacred-fig,Soheila Golestani
Thelma,2024,Action & Adventure,98,7.0,Switzerland,Josh Margolin,28000.0,https://www.justwatch.com/in/movie/thelma-2024,June Squibb
Searching for Bobby Fischer,1993,Drama,110,7.3,United States,Steven Zaillian,46000.0,https://www.justwatch.com/in/movie/searching-for-bobby-fischer,Max Pomeranc
"Good Luck to You, Leo Grande",2022,Drama,97,7.2,United Kingdom,Sophie Hyde,44000.0,https://www.justwatch.com/in/movie/good-luck-to-you-leo-grande,Emma Thompson
War for the Planet of the Apes,2017,Drama,140,7.4,United States,Matt Reeves,325000.0,https://www.justwatch.com/in/movie/war-for-the-planet-of-the-apes,Andy Serkis
The Mehta Boys,2024,Comedy,116,7.1,India,Boman Irani,3400.0,https://www.justwatch.com/in/movie/the-mehta-boys,Avinash Tiwary
Phantom Thread,2017,Drama,130,7.4,United States,Paul Thomas Anderson,161000.0,https://www.justwatch.com/in/movie/phantom-thread,Daniel Day-Lewis
WarGames,1983,Drama,114,7.1,United States,John Badham,121000.0,https://www.justwatch.com/in/movie/wargames,Matthew Broderick
Kes,1970,Drama,111,7.9,United Kingdom,Ken Loach,26000.0,https://www.justwatch.com/in/movie/kes,David Bradley
The Conversation,1974,Crime,114,7.7,United States,Francis Ford Coppola,136000.0,https://www.justwatch.com/in/movie/the-conversation,Gene Hackman
Star Wars,1977,Action & Adventure,121,8.6,United States,George Lucas,2000000.0,https://www.justwatch.com/in/movie/star-wars,Mark Hamill
Close Encounters of the Third Kind,1977,Science-Fiction,138,7.6,United States,Steven Spielberg,232000.0,https://www.justwatch.com/in/movie/close-encounters-of-the-third-kind,Richard Dreyfuss
A Christmas Carol,1938,Kids & Family,69,7.5,United States,Edwin L. Marin,10000.0,https://www.justwatch.com/in/movie/a-christmas-carol-1938,Reginald Owen
Rebecca,1940,Romance,130,8.1,United States,Alfred Hitchcock,162000.0,https://www.justwatch.com/in/movie/rebecca,Laurence Olivier
Dirty Pretty Things,2002,Drama,97,7.2,United Kingdom,Stephen Frears,45000.0,https://www.justwatch.com/in/movie/dirty-pretty-things,Audrey Tautou
Trainspotting,1996,Drama,94,8.1,United Kingdom,Danny Boyle,766000.0,https://www.justwatch.com/in/movie/trainspotting,Ewan McGregor
Columbus,2017,Romance,100,7.2,United States,Kogonada,24000.0,https://www.justwatch.com/in/movie/columbus-2017,John Cho
Black Panther,2018,Science-Fiction,134,7.3,United States,Ryan Coogler,851000.0,https://www.justwatch.com/in/movie/black-panther,Chadwick Boseman
Klaus,2019,Comedy,97,8.2,Spain,Sergio Pablos,234000.0,https://www.justwatch.com/in/movie/klaus,Jason Schwartzman
Jeremiah Johnson,1972,Western,108,7.6,United States,Sydney Pollack,39000.0,https://www.justwatch.com/in/movie/jeremiah-johnson,Robert Redford
Bacurau,2019,Western,131,7.3,France,Kleber Mendonça Filho,34000.0,https://www.justwatch.com/in/movie/bacurau,Juliano Dornelles
10 Cloverfield Lane,2016,Science-Fiction,104,7.2,United States,Dan Trachtenberg,362000.0,https://www.justwatch.com/in/movie/10-cloverfield-lane,John Goodman
Once Upon a Time in the West,1968,Drama,166,8.5,Italy,Sergio Leone,382000.0,https://www.justwatch.com/in/movie/once-upon-a-time-in-the-west,Claudia Cardinale
Le Comte de Monte-Cristo,2024,Mystery & Thriller,178,7.6,France,Alexandre de La Patellière,47000.0,https://www.justwatch.com/in/movie/le-comte-de-monte-cristo,Matthieu Delaporte
Princess Mononoke,1997,Fantasy,134,8.3,Japan,Hayao Miyazaki,443000.0,https://www.justwatch.com/in/movie/princess-mononoke,Yoji Matsuda
Alice Doesn't Live Here Anymore,1974,Drama,112,7.3,United States,Martin Scorsese,30000.0,https://www.justwatch.com/in/movie/alice-doesnt-live-here-anymore,Ellen Burstyn
La Chimera,2023,Drama,131,7.3,Switzerland,Alice Rohrwacher,21000.0,https://www.justwatch.com/in/movie/la-chimera,Josh O'Connor
The Man in the Moon,1991,Drama,99,7.2,United States,Robert Mulligan,21000.0,https://www.justwatch.com/in/movie/the-man-in-the-moon,Sam Waterston
Moonlight,2016,Drama,110,7.4,United States,Barry Jenkins,350000.0,https://www.justwatch.com/in/movie/moonlight,Trevante Rhodes
Boyhood,2014,Drama,165,7.9,United States,Richard Linklater,381000.0,https://www.justwatch.com/in/movie/boyhood,Ellar Coltrane
The Third Man,1949,Drama,100,8.1,United Kingdom,Carol Reed,195000.0,https://www.justwatch.com/in/movie/the-third-man,Joseph Cotten
Goldfinger,1964,Mystery & Thriller,110,7.7,United Kingdom,Guy Hamilton,216000.0,https://www.justwatch.com/in/movie/goldfinger,Sean Connery
Speed,1994,Mystery & Thriller,116,7.3,United States,Jan de Bont,421000.0,https://www.justwatch.com/in/movie/speed,Keanu Reeves
A Man Called Ove,2015,Comedy,116,7.7,Norway,Hannes Holm,74000.0,https://www.justwatch.com/in/movie/a-man-called-ove,Rolf Lassgård
Nomadland,2020,Drama,107,7.3,United States,Chloé Zhao,217000.0,https://www.justwatch.com/in/movie/nomadland,Frances McDormand
The Favourite,2018,Comedy,120,7.5,United Kingdom,Yorgos Lanthimos,257000.0,https://www.justwatch.com/in/movie/the-favourite,Emma Stone
Mary Poppins,1964,Kids & Family,139,7.8,United States,Robert Stevenson,198000.0,https://www.justwatch.com/in/movie/mary-poppins,Julie Andrews
The Great Dictator,1940,Comedy,125,8.4,United States,Charlie Chaplin,258000.0,https://www.justwatch.com/in/movie/the-great-dictator,Charlie Chaplin
Monsoon Wedding,2001,Drama,114,7.3,United States,Mira Nair,28000.0,https://www.justwatch.com/in/movie/monsoon-wedding,Naseeruddin Shah
Martha,2024,Documentary,116,7.2,United States,R. J. Cutler,4500.0,https://www.justwatch.com/in/movie/martha-2024,Martha Stewart
Memoir of a Snail,2024,Animation,94,7.8,Australia,Adam Elliot,25000.0,https://www.justwatch.com/in/movie/memoir-of-a-snail,Sarah Snook
High Fidelity,2000,Drama,113,7.4,United Kingdom,Stephen Frears,199000.0,https://www.justwatch.com/in/movie/high-fidelity,John Cusack
Blue Ruin,2014,Crime,90,7.1,United States,Jeremy Saulnier,86000.0,https://www.justwatch.com/in/movie/blue-ruin,Macon Blair
Michael Clayton,2007,Drama,119,7.2,United States,Tony Gilroy,183000.0,https://www.justwatch.com/in/movie/michael-clayton,George Clooney
Dallas Buyers Club,2013,Drama,117,7.9,United States,Jean-Marc Vallée,546000.0,https://www.justwatch.com/in/movie/dallas-buyers-club,Matthew McConaughey
Bob Trevino Likes It,2025,Comedy,101,7.4,United States,Tracie Laymon,7200.0,https://www.justwatch.com/in/movie/bob-trevino-likes-it,Barbie Ferreira
Dr. Strangelove or: How I Learned to Stop Worrying and Love the Bomb,1964,War & Military,95,8.3,United States,Stanley Kubrick,549000.0,https://www.justwatch.com/in/movie/dr-strangelove-or-how-i-learned-to-stop-worrying-and-love-the-bomb,Peter Sellers
Left-Handed Girl,2025,Drama,108,7.4,United Kingdom,Shih-Ching Tsou,7500.0,https://www.justwatch.com/in/movie/left-handed-girl,Ma Shih-yuan
Toy Story 2,1999,Kids & Family,92,7.9,United States,John Lasseter,665000.0,https://www.justwatch.com/in/movie/toy-story-2,Tom Hanks
Logan Lucky,2017,Crime,119,7.0,United States,Steven Soderbergh,176000.0,https://www.justwatch.com/in/movie/logan-lucky,Channing Tatum
Pather Panchali,1955,Drama,125,8.2,India,Satyajit Ray,41000.0,https://www.justwatch.com/in/movie/pather-panchali,Kanu Bannerjee
How to Train Your Dragon 2,2014,Kids & Family,102,7.8,United States,Dean DeBlois,399000.0,https://www.justwatch.com/in/movie/how-to-train-your-dragon-2,Jay Baruchel
Fruitvale Station,2013,Drama,82,7.5,United States,Ryan Coogler,91000.0,https://www.justwatch.com/in/movie/fruitvale-station,Michael B. Jordan
Tokyo Godfathers,2003,Drama,92,7.8,Japan,Satoshi Kon,55000.0,https://www.justwatch.com/in/movie/tokyo-godfathers,Aya Okamoto
The Long Goodbye,1973,Drama,112,7.5,United States,Robert Altman,43000.0,https://www.justwatch.com/in/movie/the-long-goodbye,Elliott Gould
Moon,2009,Science-Fiction,97,7.8,United States,Duncan Jones,393000.0,https://www.justwatch.com/in/movie/moon,Sam Rockwell
12 Years a Slave,2013,Drama,133,8.1,United States,Steve McQueen,750000.0,https://www.justwatch.com/in/movie/12-years-a-slave,Chiwetel Ejiofor
Neighboring Sounds,2012,Drama,131,7.1,Brazil,Kleber Mendonça Filho,9600.0,https://www.justwatch.com/in/movie/neighboring-sounds,Irandhir Santos
West Side Story,1961,Drama,152,7.6,United States,Robert Wise,127000.0,https://www.justwatch.com/in/movie/west-side-story,Jerome Robbins
A Fistful of Dollars,1964,Western,99,7.9,Germany,Sergio Leone,252000.0,https://www.justwatch.com/in/movie/a-fistful-of-dollars,Clint Eastwood
Grenfell: Uncovered,2025,Documentary,101,7.4,United Kingdom,Olaide Sadiq,2800.0,https://www.justwatch.com/in/movie/grenfell-uncovered,Theresa May
The Lives of Others,2006,Mystery & Thriller,137,8.4,France,Florian Henckel von Donnersmarck,441000.0,https://www.justwatch.com/in/movie/the-lives-of-others,Martina Gedeck
Star Wars: The Force Awakens,2015,Science-Fiction,138,7.7,United States,J.J. Abrams,1000000.0,https://www.justwatch.com/in/movie/star-wars-the-force-awakens,Harrison Ford
Inside Out 2,2024,Animation,97,7.5,United States,Kelsey Mann,246000.0,https://www.justwatch.com/in/movie/inside-out-2,Amy Poehler
Tokyo Story,1953,Drama,137,8.1,Japan,Yasujirō Ozu,77000.0,https://www.justwatch.com/in/movie/tokyo-story,Chishū Ryū
X-Men: Days of Future Past,2014,Action & Adventure,132,7.9,United States,Bryan Singer,785000.0,https://www.justwatch.com/in/movie/x-men-days-of-future-past,Hugh Jackman
House,1977,Comedy,88,7.2,Japan,Nobuhiko Obayashi,39000.0,https://www.justwatch.com/in/movie/house-1977,Kimiko Ikegami
Thappad,2020,Drama,144,7.0,India,Anubhav Sinha,28000.0,https://www.justwatch.com/in/movie/thappad,Taapsee Pannu
Deliverance,1972,Drama,109,7.6,United States,John Boorman,128000.0,https://www.justwatch.com/in/movie/deliverance,Jon Voight
Minari,2021,Drama,115,7.4,United States,Lee Isaac Chung,124000.0,https://www.justwatch.com/in/movie/minari,Steven Yeun
Nayattu,2021,Mystery & Thriller,124,8.0,India,Martin Prakkat,10000.0,https://www.justwatch.com/in/movie/nayattu,Kunchacko Boban
Toy Story 3,2010,Animation,102,8.3,United States,Lee Unkrich,964000.0,https://www.justwatch.com/in/movie/toy-story-3,Tom Hanks
The White Tiger,2021,Drama,125,7.1,India,Ramin Bahrani,70000.0,https://www.justwatch.com/in/movie/the-white-tiger,Adarsh Gourav
"sex, lies, and videotape",1989,Drama,101,7.2,United States,Steven Soderbergh,64000.0,https://www.justwatch.com/in/movie/sex-lies-and-videotape,James Spader
Mission: Impossible - Ghost Protocol,2011,Mystery & Thriller,133,7.4,United States,Brad Bird,563000.0,https://www.justwatch.com/in/movie/mission-impossible-ghost-protocol,Tom Cruise
All That's Left of You,2025,Drama,145,8.1,Egypt,Cherien Dabis,1600.0,https://www.justwatch.com/in/movie/all-thats-left-of-you,Saleh Bakri
Contempt,1963,Drama,103,7.4,Italy,Jean-Luc Godard,39000.0,https://www.justwatch.com/in/movie/contempt,Brigitte Bardot
The Piano,1993,Drama,121,7.5,Australia,Jane Campion,101000.0,https://www.justwatch.com/in/movie/the-piano,Holly Hunter
October Sky,1999,Drama,108,7.8,United States,Joe Johnston,111000.0,https://www.justwatch.com/in/movie/october-sky,Jake Gyllenhaal
Ghost in the Shell,1995,Action & Adventure,83,7.9,United Kingdom,Mamoru Oshii,160000.0,https://www.justwatch.com/in/movie/ghost-in-the-shell-1995,Atsuko Tanaka
Seven Samurai,1954,Action & Adventure,207,8.6,Japan,Akira Kurosawa,400000.0,https://www.justwatch.com/in/movie/seven-samurai,Toshirō Mifune
Chinatown,1974,Drama,131,8.1,United States,Roman Polanski,375000.0,https://www.justwatch.com/in/movie/chinatown,Jack Nicholson
Fanny and Alexander,1982,Fantasy,188,8.1,Sweden,Ingmar Bergman,71000.0,https://www.justwatch.com/in/movie/fanny-and-alexander,Bertil Guve
Kramer vs. Kramer,1979,Drama,105,7.8,United States,Robert Benton,165000.0,https://www.justwatch.com/in/movie/kramer-vs-kramer,Dustin Hoffman
Dear Zachary: A Letter to a Son About His Father,2008,Crime,93,8.5,United States,Kurt Kuenne,45000.0,https://www.justwatch.com/in/movie/dear-zachary-a-letter-to-a-son-about-his-father,Kurt Kuenne
Ghostbusters,1984,Comedy,107,7.8,United States,Ivan Reitman,460000.0,https://www.justwatch.com/in/movie/ghostbusters-1984,Bill Murray
For a Few Dollars More,1965,Western,132,8.2,Italy,Sergio Leone,299000.0,https://www.justwatch.com/in/movie/for-a-few-dollars-more,Clint Eastwood
The Blue Trail,2025,Science-Fiction,86,7.1,Netherlands,Gabriel Mascaro,3200.0,https://www.justwatch.com/in/movie/o-ultimo-azul,Denise Weinberg
Once Upon a Time in Anatolia,2011,Drama,163,7.8,Bosnia and Herzegovina,Nuri Bilge Ceylan,54000.0,https://www.justwatch.com/in/movie/once-upon-a-time-in-anatolia,Muhammet Uzuner
Le samouraï,1967,Mystery & Thriller,105,8.0,France,Jean-Pierre Melville,60000.0,https://www.justwatch.com/in/movie/le-samourai,Alain Delon
Poorna,2017,Action & Adventure,105,7.7,India,Rahul Bose,1600.0,https://www.justwatch.com/in/movie/poorna,Dhritiman Chatterjee
Lucky,2017,Drama,86,7.3,United States,John Carroll Lynch,28000.0,https://www.justwatch.com/in/movie/lucky,Harry Dean Stanton
Unforgiven,1992,Western,130,8.2,United States,Clint Eastwood,466000.0,https://www.justwatch.com/in/movie/unforgiven,Clint Eastwood
Beyond the Infinite Two Minutes,2020,Comedy,70,7.2,Japan,Junta Yamaguchi,11000.0,https://www.justwatch.com/in/movie/beyond-the-infinite-two-minutes,Kazunari Tosa
A Royal Affair,2012,Drama,137,7.5,Denmark,Nikolaj Arcel,52000.0,https://www.justwatch.com/in/movie/a-royal-affair,Alicia Vikander
Masculin Féminin,1966,Romance,105,7.4,Sweden,Jean-Luc Godard,19000.0,https://www.justwatch.com/in/movie/masculin-feminin,Jean-Pierre Léaud
The Leopard,1963,Drama,186,7.9,Italy,Luchino Visconti,34000.0,https://www.justwatch.com/in/movie/the-leopard,Burt Lancaster
Harakiri,1962,Action & Adventure,135,8.6,Japan,Masaki Kobayashi,90000.0,https://www.justwatch.com/in/movie/harakiri,Tatsuya Nakadai
Best in Show,2000,Comedy,90,7.5,United States,Christopher Guest,75000.0,https://www.justwatch.com/in/movie/best-in-show,Bob Balaban
Chicken Run,2000,Comedy,84,7.1,United Kingdom,Peter Lord,224000.0,https://www.justwatch.com/in/movie/chicken-run,Nick Park
Tootsie,1982,Comedy,116,7.4,United States,Sydney Pollack,122000.0,https://www.justwatch.com/in/movie/tootsie,Dustin Hoffman
Aligarh,2016,Drama,114,7.7,India,Hansal Mehta,8700.0,https://www.justwatch.com/in/movie/aligarh,Manoj Bajpayee
Tell Me Who I Am,2019,Documentary,85,7.6,United Kingdom,Ed Perkins,20000.0,https://www.justwatch.com/in/movie/tell-me-who-i-am,Alex Lewis
Before Sunset,2004,Romance,80,8.1,United States,Richard Linklater,313000.0,https://www.justwatch.com/in/movie/before-sunset,Ethan Hawke
The Alabama Solution,2025,Drama,117,7.8,United States,Charlotte Kaufman,4600.0,https://www.justwatch.com/in/movie/the-alabama-solution,Andrew Jarecki
Ocean with David Attenborough,2025,Documentary,85,8.4,Australia,Colin Butfield,5000.0,https://www.justwatch.com/in/movie/ocean-with-david-attenborough,Toby Nowlan
Casablanca,1943,Romance,102,8.5,United States,Michael Curtiz,653000.0,https://www.justwatch.com/in/movie/casablanca,Humphrey Bogart
Four Weddings and a Funeral,1994,Comedy,117,7.1,United Kingdom,Mike Newell,181000.0,https://www.justwatch.com/in/movie/four-weddings-and-a-funeral,Hugh Grant
Paddington,2014,Comedy,95,7.3,United Kingdom,Paul King,155000.0,https://www.justwatch.com/in/movie/paddington,Ben Whishaw
Senna,2010,Documentary,106,8.4,United States,Asif Kapadia,84000.0,https://www.justwatch.com/in/movie/senna,Ayrton Senna
That Thing You Do!,1996,Comedy,108,7.0,United States,Tom Hanks,78000.0,https://www.justwatch.com/in/movie/that-thing-you-do,Tom Hanks
"Lover, Stalker, Killer",2024,Crime,90,7.0,United Kingdom,Sam Hobkinson,15000.0,https://www.justwatch.com/in/movie/lover-stalker-killer,Chris Maher
The Blue Angel,1930,Drama,108,7.6,Germany,Josef von Sternberg,18000.0,https://www.justwatch.com/in/movie/the-blue-angel,Emil Jannings
Queen,2014,Comedy,146,8.1,India,Vikas Bahl,71000.0,https://www.justwatch.com/in/movie/queen,Kangana Ranaut
Clerks,1994,Comedy,92,7.7,United States,Kevin Smith,240000.0,https://www.justwatch.com/in/movie/clerks,Brian O'Halloran
Mission: Impossible - Rogue Nation,2015,Action & Adventure,131,7.4,United States,Christopher McQuarrie,444000.0,https://www.justwatch.com/in/movie/mission-impossible-rogue-nation,Tom Cruise
Barton Fink,1991,Comedy,117,7.6,United Kingdom,Joel Coen,135000.0,https://www.justwatch.com/in/movie/barton-fink,John Turturro
Jaws,1975,Horror,124,8.1,United States,Steven Spielberg,732000.0,https://www.justwatch.com/in/movie/jaws,Roy Scheider
Sardar Udham,2021,History,162,8.3,India,Shoojit Sircar,50000.0,https://www.justwatch.com/in/movie/sardar-udham-singh,Vicky Kaushal
Aattam,2024,Drama,139,8.1,India,Anand Ekarshi,5400.0,https://www.justwatch.com/in/movie/aattam,Zarin Shihab
The French Connection,1971,Action & Adventure,104,7.7,United States,William Friedkin,150000.0,https://www.justwatch.com/in/movie/the-french-connection,Gene Hackman
The General,1926,Comedy,79,8.1,United States,Clyde Bruckman,106000.0,https://www.justwatch.com/in/movie/the-general,Buster Keaton
Dating Amber,2020,Romance,93,7.0,Ireland,David Freyne,8700.0,https://www.justwatch.com/in/movie/dating-amber,Fionn O'Shea
Rebel Without a Cause,1955,Drama,111,7.6,United States,Nicholas Ray,103000.0,https://www.justwatch.com/in/movie/rebel-without-a-cause,James Dean
One to One: John & Yoko,2025,Music & Musical,101,7.2,United Kingdom,Kevin Macdonald,1600.0,https://www.justwatch.com/in/movie/one-to-one-john-and-yoko,John Lennon
The Magnificent Seven,1960,Western,128,7.7,United States,John Sturges,110000.0,https://www.justwatch.com/in/movie/the-magnificent-seven-1960,Yul Brynner
Out of Sight,1998,Comedy,123,7.0,United States,Steven Soderbergh,105000.0,https://www.justwatch.com/in/movie/out-of-sight,George Clooney
Vishwaroopam,2013,Mystery & Thriller,147,7.9,India,Kamal Haasan,41000.0,https://www.justwatch.com/in/movie/vishwaroopam,Kamal Haasan
Persona,1966,Drama,85,8.0,Sweden,Ingmar Bergman,140000.0,https://www.justwatch.com/in/movie/persona-1966,Bibi Andersson
Room,2015,Drama,118,8.1,Canada,Lenny Abrahamson,478000.0,https://www.justwatch.com/in/movie/room,Brie Larson
An Honest Liar,2014,Documentary,90,7.4,United States,Justin Weinstein,11000.0,https://www.justwatch.com/in/movie/an-honest-liar,Tyler Measom
Frankenstein,1931,Drama,70,7.7,United States,James Whale,87000.0,https://www.justwatch.com/in/movie/frankenstein-1931,Colin Clive
Newton,2017,Comedy,106,7.6,India,Amit Masurkar,22000.0,https://www.justwatch.com/in/movie/newton,Rajkummar Rao
The Big Country,1958,Drama,167,7.9,United States,William Wyler,24000.0,https://www.justwatch.com/in/movie/the-big-country,Gregory Peck
Rear Window,1954,Drama,128,8.5,United States,Alfred Hitchcock,567000.0,https://www.justwatch.com/in/movie/rear-window,James Stewart
12 Angry Men,1997,Drama,117,7.8,United States,William Friedkin,21000.0,https://www.justwatch.com/in/movie/12-angry-men-1997,Courtney B. Vance
The Spectacular Now,2013,Drama,95,7.0,United States,James Ponsoldt,168000.0,https://www.justwatch.com/in/movie/the-spectacular-now,Miles Teller
8½,1963,Drama,139,8.0,Italy,Federico Fellini,132000.0,https://www.justwatch.com/in/movie/81-2,Marcello Mastroianni
Captain America: Civil War,2016,Science-Fiction,147,7.8,United States,Joe Russo,921000.0,https://www.justwatch.com/in/movie/captain-america-civil-war,Anthony Russo
In the Heights,2021,Romance,143,7.2,United States,Jon M. Chu,56000.0,https://www.justwatch.com/in/movie/in-the-heights,Anthony Ramos
Evelyn,2019,Documentary,95,7.2,United Kingdom,Orlando von Einsiedel,986.0,https://www.justwatch.com/in/movie/evelyn,Orlando von Einsiedel
Cinema Paradiso,1988,Drama,124,8.5,France,Giuseppe Tornatore,316000.0,https://www.justwatch.com/in/movie/cinema-paradiso,Philippe Noiret
Moonrise Kingdom,2012,Comedy,94,7.8,United States,Wes Anderson,382000.0,https://www.justwatch.com/in/movie/moonrise-kingdom,Jared Gilman
Water,2005,Drama,105,7.7,India,Deepa Mehta,16000.0,https://www.justwatch.com/in/movie/water-2005,Lisa Ray
His Girl Friday,1940,Drama,92,7.8,United States,Howard Hawks,68000.0,https://www.justwatch.com/in/movie/his-girl-friday,Cary Grant
Conspiracy,2001,Drama,95,7.6,United States,Frank Pierson,29000.0,https://www.justwatch.com/in/movie/conspiracy-2001,Kenneth Branagh
Rushmore,1998,Drama,93,7.6,United States,Wes Anderson,208000.0,https://www.justwatch.com/in/movie/rushmore,Jason Schwartzman
Paddington 2,2017,Comedy,95,7.8,United Kingdom,Paul King,113000.0,https://www.justwatch.com/in/movie/paddington-2,Ben Whishaw
All the President's Men,1976,Drama,138,7.9,United States,Alan J. Pakula,137000.0,https://www.justwatch.com/in/movie/all-the-presidents-men,Robert Redford
Three of Us,2023,Drama,99,7.5,India,Avinash Arun,5400.0,https://www.justwatch.com/in/movie/three-of-us,Shefali Shah
Searching,2018,Drama,102,7.6,United States,Aneesh Chaganty,191000.0,https://www.justwatch.com/in/movie/searching,John Cho
The Little Girl Who Lives Down the Lane,1976,Drama,91,7.0,France,Nicolas Gessner,20000.0,https://www.justwatch.com/in/movie/the-little-girl-who-lives-down-the-lane,Jodie Foster
Disneyland Handcrafted,2026,Documentary,78,7.7,United States,Leslie Iwerks,561.0,https://www.justwatch.com/in/movie/disneyland-handcrafted,Walt Disney
American Fiction,2023,Drama,117,7.5,United States,Cord Jefferson,132000.0,https://www.justwatch.com/in/movie/untitled-cord-jefferson-film,Jeffrey Wright
The Bridges of Madison County,1995,Romance,135,7.6,United States,Clint Eastwood,96000.0,https://www.justwatch.com/in/movie/the-bridges-of-madison-county,Meryl Streep
The Day of the Jackal,1973,Action & Adventure,143,7.8,France,Fred Zinnemann,53000.0,https://www.justwatch.com/in/movie/the-day-of-the-jackal,Edward Fox
The Night of the 12th,2022,Drama,115,7.0,France,Dominik Moll,13000.0,https://www.justwatch.com/in/movie/the-night-of-the-12th,Bastien Bouillon
Amrum,2025,Drama,93,7.2,Germany,Fatih Akin,2000.0,https://www.justwatch.com/in/movie/amrum,Diane Kruger
Enchanted,2007,Romance,107,7.1,United States,Kevin Lima,229000.0,https://www.justwatch.com/in/movie/enchanted,Amy Adams
The Florida Project,2017,Drama,112,7.6,United States,Sean Baker,146000.0,https://www.justwatch.com/in/movie/the-florida-project,Brooklynn Prince
Fish Tank,2009,Drama,123,7.3,Netherlands,Andrea Arnold,68000.0,https://www.justwatch.com/in/movie/fish-tank,Katie Jarvis
King Richard,2021,History,144,7.5,United States,Reinaldo Marcus Green,169000.0,https://www.justwatch.com/in/movie/king-richard,Will Smith
Maudie,2016,Drama,115,7.6,Canada,Aisling Walsh,25000.0,https://www.justwatch.com/in/movie/maudie,Sally Hawkins
Maaveeran,2023,Drama,166,7.4,India,Madonne Ashwin,11000.0,https://www.justwatch.com/in/movie/maaveeran-2023,Sivakarthikeyan
"I, Tonya",2017,Drama,120,7.5,United States,Craig Gillespie,260000.0,https://www.justwatch.com/in/movie/i-tonya,Margot Robbie
Riders of Justice,2020,Action & Adventure,116,7.5,Denmark,Anders Thomas Jensen,75000.0,https://www.justwatch.com/in/movie/riders-of-justice,Mads Mikkelsen
Pictures of Ghosts,2023,Documentary,93,7.6,Brazil,Kleber Mendonça Filho,2500.0,https://www.justwatch.com/in/movie/pictures-of-ghosts,Kleber Mendonça Filho
All of Us Strangers,2023,Fantasy,105,7.6,United Kingdom,Andrew Haigh,78000.0,https://www.justwatch.com/in/movie/all-of-us-strangers,Andrew Scott
Headhunters,2011,Action & Adventure,100,7.5,Denmark,Morten Tyldum,111000.0,https://www.justwatch.com/in/movie/headhunters,Aksel Hennie
In the Heat of the Night,1967,Mystery & Thriller,109,7.9,United States,Norman Jewison,91000.0,https://www.justwatch.com/in/movie/in-the-heat-of-the-night,Sidney Poitier
Lessons of Darkness,1992,War & Military,54,7.9,United Kingdom,Werner Herzog,7900.0,https://www.justwatch.com/in/movie/lessons-of-darkness,Werner Herzog
EPiC: Elvis Presley in Concert,2026,Music & Musical,98,8.4,Australia,Baz Luhrmann,3000.0,https://www.justwatch.com/in/movie/epic-elvis-presley-in-concert,Elvis Presley
Riefenstahl,2024,History,115,7.2,Germany,Andres Veiel,1800.0,https://www.justwatch.com/in/movie/riefenstahl,Leni Riefenstahl
New Wave,2025,Comedy,106,7.3,France,Richard Linklater,8900.0,https://www.justwatch.com/in/movie/nouvelle-vague,Guillaume Marbeck
Sound of Falling,2025,Drama,148,7.0,Germany,Mascha Schilinski,3900.0,https://www.justwatch.com/in/movie/sound-of-falling,Luise Heyer
Captain Phillips,2013,Action & Adventure,134,7.8,United States,Paul Greengrass,517000.0,https://www.justwatch.com/in/movie/captain-phillips,Tom Hanks
The Man Who Would Be King,1975,Drama,129,7.7,United States,John Huston,55000.0,https://www.justwatch.com/in/movie/the-man-who-would-be-king,Sean Connery
"Paris, Texas",1984,Drama,145,8.1,United Kingdom,Wim Wenders,139000.0,https://www.justwatch.com/in/movie/paris-texas,Harry Dean Stanton
American Hustle,2013,Crime,138,7.2,United States,David O. Russell,517000.0,https://www.justwatch.com/in/movie/american-hustle,Christian Bale
Nine Queens,2000,Crime,114,7.9,Argentina,Fabián Bielinsky,62000.0,https://www.justwatch.com/in/movie/nine-queens,Ricardo Darín
Apollo 11,2019,Documentary,93,8.1,United States,Todd Douglas Miller,29000.0,https://www.justwatch.com/in/movie/apollo-11,Neil Armstrong
In the Loop,2009,Comedy,106,7.4,United Kingdom,Armando Iannucci,64000.0,https://www.justwatch.com/in/movie/in-the-loop,Peter Capaldi
The Father,2020,Drama,97,8.2,United Kingdom,Florian Zeller,242000.0,https://www.justwatch.com/in/movie/the-father-2020,Anthony Hopkins
The Adventures of Baron Munchausen,1988,Fantasy,126,7.1,Germany,Terry Gilliam,60000.0,https://www.justwatch.com/in/movie/the-adventures-of-baron-munchausen,John Neville
What's Eating Gilbert Grape,1993,Drama,118,7.7,United States,Lasse Hallström,269000.0,https://www.justwatch.com/in/movie/whats-eating-gilbert-grape,Johnny Depp
Beyond Utopia,2023,History,116,7.9,United States,Madeleine Gavin,5100.0,https://www.justwatch.com/in/movie/beyond-utopia,Kim Jong-un
Battle Royale,2000,Drama,113,7.5,Japan,Kinji Fukasaku,206000.0,https://www.justwatch.com/in/movie/battle-royale,Tatsuya Fujiwara
Kaathal - The Core,2023,Drama,112,7.4,India,Jeo Baby,4800.0,https://www.justwatch.com/in/movie/kaathal-the-core,Mammootty
"Duck, You Sucker",1971,Western,157,7.5,Ireland,Sergio Leone,41000.0,https://www.justwatch.com/in/movie/a-fistful-of-dynamite,Rod Steiger
ONE SHOT with Ed Sheeran,2025,Music & Musical,61,7.7,United States,Philip Barantini,1500.0,https://www.justwatch.com/in/movie/one-shot-with-ed-sheeran,Ed Sheeran
Traffic,2001,Drama,147,7.5,United States,Steven Soderbergh,230000.0,https://www.justwatch.com/in/movie/traffic-2000,Michael Douglas
Brazil,1985,Comedy,143,7.8,United States,Terry Gilliam,222000.0,https://www.justwatch.com/in/movie/brazil,Jonathan Pryce
Pinocchio,1940,Animation,88,7.5,United States,Hamilton Luske,172000.0,https://www.justwatch.com/in/movie/pinocchio-1940,Ben Sharpsteen
The Guard,2011,Action & Adventure,96,7.3,Ireland,John Michael McDonagh,101000.0,https://www.justwatch.com/in/movie/the-guard,Brendan Gleeson
Big,1988,Fantasy,104,7.3,United States,Penny Marshall,259000.0,https://www.justwatch.com/in/movie/big,Tom Hanks
Malik,2021,Mystery & Thriller,161,8.0,India,Mahesh Narayanan,15000.0,https://www.justwatch.com/in/movie/malik,Fahadh Faasil
A Death in the Gunj,2017,Drama,110,7.4,India,Konkona Sen Sharma,6400.0,https://www.justwatch.com/in/movie/a-death-in-the-gunj,Vikrant Massey
"Monsters, Inc.",2001,Animation,92,8.1,United States,Pete Docter,1000000.0,https://www.justwatch.com/in/movie/monsters-inc,John Goodman
My Mom Jayne,2025,Documentary,106,8.3,United States,Mariska Hargitay,4800.0,https://www.justwatch.com/in/movie/my-mom-jayne-a-film-by-mariska-hargitay,Jayne Mansfield
Hard Truths,2025,Comedy,97,7.2,Spain,Mike Leigh,8900.0,https://www.justwatch.com/in/movie/hard-truths,Marianne Jean-Baptiste
Places in the Heart,1984,Drama,111,7.4,United States,Robert Benton,15000.0,https://www.justwatch.com/in/movie/places-in-the-heart,Sally Field
The Wild Bunch,1969,Western,145,7.9,United States,Sam Peckinpah,95000.0,https://www.justwatch.com/in/movie/the-wild-bunch,William Holden
In the Line of Fire,1993,Action & Adventure,128,7.2,United States,Wolfgang Petersen,122000.0,https://www.justwatch.com/in/movie/in-the-line-of-fire,Clint Eastwood
"The Adventures of Priscilla, Queen of the Desert",1994,Comedy,103,7.5,United States,Stephan Elliott,61000.0,https://www.justwatch.com/in/movie/the-adventures-of-priscilla-queen-of-the-desert,Hugo Weaving
Kapoor & Sons,2016,Romance,137,7.7,India,Shakun Batra,34000.0,https://www.justwatch.com/in/movie/kapoor-and-sons-since-1921,Sidharth Malhotra
The Man Who Feels No Pain,2019,Action & Adventure,136,7.3,India,Vasan Bala,9800.0,https://www.justwatch.com/in/movie/the-man-who-feels-no-pain,Abhimanyu Dasani
The Edge of Seventeen,2016,Comedy,105,7.3,United States,Kelly Fremon Craig,150000.0,https://www.justwatch.com/in/movie/the-edge-of-seventeen,Hailee Steinfeld
Point Blank,1967,Drama,92,7.3,United States,John Boorman,26000.0,https://www.justwatch.com/in/movie/point-blank-1967,Lee Marvin
Sairat,2016,Romance,170,8.3,India,Nagraj Popatrao Manjule,16000.0,https://www.justwatch.com/in/movie/sairat,Rinku Rajguru
Girl in the Picture,2022,Crime,101,7.3,United States,Skye Borgman,25000.0,https://www.justwatch.com/in/movie/girl-in-the-picture,Robert Christopher Smith
Souleymane's Story,2024,Drama,94,7.6,France,Boris Lojkine,6600.0,https://www.justwatch.com/in/movie/lhistoire-de-souleymane,Nina Meurisse
The Wind That Shakes the Barley,2006,Drama,124,7.5,Spain,Ken Loach,59000.0,https://www.justwatch.com/in/movie/the-wind-that-shakes-the-barley,Cillian Murphy
The Jungle Book,2016,Fantasy,106,7.4,United Kingdom,Jon Favreau,295000.0,https://www.justwatch.com/in/movie/the-jungle-book-2016,Neel Sethi
The Kid,1921,Drama,68,8.2,United States,Charlie Chaplin,145000.0,https://www.justwatch.com/in/movie/the-kid-1921,Charlie Chaplin
Hard Boiled,1992,Action & Adventure,126,7.7,Hong Kong,John Woo,59000.0,https://www.justwatch.com/in/movie/hard-boiled-1992,Chow Yun-Fat
A Streetcar Named Desire,1951,Drama,125,7.9,United States,Elia Kazan,120000.0,https://www.justwatch.com/in/movie/a-streetcar-named-desire,Vivien Leigh
Gone with the Wind,1939,Drama,238,8.2,United States,Victor Fleming,355000.0,https://www.justwatch.com/in/movie/gone-with-the-wind,Vivien Leigh
The Empire Strikes Back,1980,Action & Adventure,124,8.7,United States,Irvin Kershner,1000000.0,https://www.justwatch.com/in/movie/the-empire-strikes-back,Mark Hamill
Eye in the Sky,2015,Drama,102,7.3,United Kingdom,Gavin Hood,96000.0,https://www.justwatch.com/in/movie/eye-in-the-sky,Helen Mirren
Strangers on a Train,1951,Mystery & Thriller,101,7.9,United States,Alfred Hitchcock,149000.0,https://www.justwatch.com/in/movie/strangers-on-a-train,Farley Granger
Double Indemnity,1944,Crime,107,8.3,United States,Billy Wilder,180000.0,https://www.justwatch.com/in/movie/double-indemnity,Fred MacMurray
Mahanati,2018,Drama,176,8.4,India,Nag Ashwin,16000.0,https://www.justwatch.com/in/movie/mahanati,Keerthy Suresh
Charade,1963,Comedy,113,7.8,United Kingdom,Stanley Donen,93000.0,https://www.justwatch.com/in/movie/charade,Cary Grant
The Last Waltz,1978,Music & Musical,117,8.1,United States,Martin Scorsese,22000.0,https://www.justwatch.com/in/movie/the-last-waltz,Robbie Robertson
Porco Rosso,1992,Action & Adventure,93,7.7,Japan,Hayao Miyazaki,115000.0,https://www.justwatch.com/in/movie/porco-rosso,Shūichirō Moriyama
Encounters at the End of the World,2007,Documentary,99,7.7,United States,Werner Herzog,20000.0,https://www.justwatch.com/in/movie/encounters-at-the-end-of-the-world,Werner Herzog
Green Room,2016,Crime,95,7.0,United States,Jeremy Saulnier,153000.0,https://www.justwatch.com/in/movie/green-room,Anton Yelchin
Run Lola Run,1998,Mystery & Thriller,80,7.6,Germany,Tom Tykwer,217000.0,https://www.justwatch.com/in/movie/run-lola-run,Franka Potente
Guardians of the Galaxy,2014,Science-Fiction,121,8.0,United States,James Gunn,1000000.0,https://www.justwatch.com/in/movie/guardians-of-the-galaxy,Chris Pratt
Marty,1955,Drama,90,7.6,United States,Delbert Mann,30000.0,https://www.justwatch.com/in/movie/marty,Ernest Borgnine
Deaf President Now!,2025,Documentary,101,8.0,United States,Nyle DiMarco,870.0,https://www.justwatch.com/in/movie/deaf-president-now,Davis Guggenheim
Forbidden Planet,1956,Science-Fiction,98,7.5,United States,Fred M. Wilcox,57000.0,https://www.justwatch.com/in/movie/forbidden-planet,Walter Pidgeon
Isle of Dogs,2018,Comedy,101,7.8,Germany,Wes Anderson,210000.0,https://www.justwatch.com/in/movie/isle-of-dogs,Bryan Cranston
The Battle of Algiers,1966,Drama,122,8.1,Italy,Gillo Pontecorvo,67000.0,https://www.justwatch.com/in/movie/the-battle-of-algiers,Brahim Hadjadj
The Seventh Seal,1957,Fantasy,96,8.1,Sweden,Ingmar Bergman,215000.0,https://www.justwatch.com/in/movie/the-seventh-seal,Gunnar Björnstrand
Hearts of Darkness: A Filmmaker's Apocalypse,1991,Documentary,96,8.1,United States,Fax Bahr,26000.0,https://www.justwatch.com/in/movie/hearts-of-darkness-a-filmmakers-apocalypse,George Hickenlooper
"Are You There God? It's Me, Margaret.",2023,Comedy,106,7.3,United States,Kelly Fremon Craig,38000.0,https://www.justwatch.com/in/movie/are-you-there-god-its-me-margaret,Abby Ryder Fortson
Ponyo,2008,Kids & Family,100,7.6,Japan,Hayao Miyazaki,184000.0,https://www.justwatch.com/in/movie/ponyo,Yuria Kozuki
This Is England,2007,Drama,100,7.7,United Kingdom,Shane Meadows,135000.0,https://www.justwatch.com/in/movie/this-is-england,Thomas Turgoose
American Graffiti,1973,Comedy,112,7.4,United States,George Lucas,105000.0,https://www.justwatch.com/in/movie/american-graffiti,Richard Dreyfuss
The Gold Rush,1925,Comedy,95,8.1,United States,Charlie Chaplin,128000.0,https://www.justwatch.com/in/movie/the-gold-rush,Charlie Chaplin
Cool Hand Luke,1967,Drama,127,8.0,United States,Stuart Rosenberg,197000.0,https://www.justwatch.com/in/movie/cool-hand-luke,Paul Newman
Wallace & Gromit: Vengeance Most Fowl,2024,Animation,79,7.5,United Kingdom,Nick Park,41000.0,https://www.justwatch.com/in/movie/wallace-and-gromit-vengeance-most-fowl,Merlin Crossingham
M,1931,Drama,111,8.3,Germany,Fritz Lang,182000.0,https://www.justwatch.com/in/movie/m,Peter Lorre
Arthur Christmas,2011,Animation,97,7.1,United States,Sarah Smith,73000.0,https://www.justwatch.com/in/movie/arthur-christmas,James McAvoy
The Night of the Hunter,1955,Drama,93,8.0,United States,Charles Laughton,107000.0,https://www.justwatch.com/in/movie/the-night-of-the-hunter,Robert Mitchum
My Life as a Zucchini,2016,Comedy,66,7.8,Switzerland,Claude Barras,33000.0,https://www.justwatch.com/in/movie/my-life-as-a-zucchini,Gaspard Schlatter
Manhattan,1979,Drama,96,7.8,United States,Woody Allen,154000.0,https://www.justwatch.com/in/movie/manhattan,Woody Allen
The Fabelmans,2022,Drama,151,7.5,United States,Steven Spielberg,134000.0,https://www.justwatch.com/in/movie/the-fabelmans,Michelle Williams
What Ever Happened to Baby Jane?,1962,Mystery & Thriller,135,8.0,United States,Robert Aldrich,67000.0,https://www.justwatch.com/in/movie/what-ever-happened-to-baby-jane-1962,Bette Davis
About a Boy,2002,Comedy,101,7.1,United States,Chris Weitz,200000.0,https://www.justwatch.com/in/movie/about-a-boy,Paul Weitz
Life of Brian,1979,Comedy,94,8.0,United Kingdom,Terry Jones,434000.0,https://www.justwatch.com/in/movie/life-of-brian,Graham Chapman
Shakespeare in Love,1998,Romance,122,7.1,United States,John Madden,242000.0,https://www.justwatch.com/in/movie/shakespeare-in-love,Joseph Fiennes
Cabaret,1972,Romance,124,7.8,Germany,Bob Fosse,64000.0,https://www.justwatch.com/in/movie/cabaret-1972,Liza Minnelli
Shahid,2013,Drama,129,8.2,India,Hansal Mehta,18000.0,https://www.justwatch.com/in/movie/shahid,Rajkummar Rao
Love & Mercy,2015,Drama,120,7.4,United States,Bill Pohlad,45000.0,https://www.justwatch.com/in/movie/love-and-mercy,Paul Dano
Angst,1983,Mystery & Thriller,75,7.2,Austria,Gerald Kargl,16000.0,https://www.justwatch.com/in/movie/angst,Erwin Leder
Dracula,1931,Horror,74,7.3,United States,Tod Browning,64000.0,https://www.justwatch.com/in/movie/dracula-1931,Bela Lugosi
Shiva Baby,2021,Comedy,78,7.1,United States,Emma Seligman,42000.0,https://www.justwatch.com/in/movie/shiva-baby,Rachel Sennott
Full Metal Jacket,1987,Drama,117,8.2,United Kingdom,Stanley Kubrick,847000.0,https://www.justwatch.com/in/movie/full-metal-jacket,Matthew Modine
Elite Squad: The Enemy Within,2010,Drama,115,8.0,Brazil,José Padilha,92000.0,https://www.justwatch.com/in/movie/elite-squad-the-enemy-within,Wagner Moura
In the Bedroom,2001,Mystery & Thriller,131,7.4,United States,Todd Field,44000.0,https://www.justwatch.com/in/movie/in-the-bedroom-2001,Tom Wilkinson
Paper Moon,1973,Comedy,102,8.1,United States,Peter Bogdanovich,57000.0,https://www.justwatch.com/in/movie/paper-moon,Tatum O'Neal
Carol,2015,Romance,118,7.3,United States,Todd Haynes,153000.0,https://www.justwatch.com/in/movie/carol,Cate Blanchett
The Elephant Man,1980,Drama,124,8.2,United Kingdom,David Lynch,281000.0,https://www.justwatch.com/in/movie/the-elephant-man,Anthony Hopkins
Leaving Las Vegas,1995,Drama,111,7.5,France,Mike Figgis,144000.0,https://www.justwatch.com/in/movie/leaving-las-vegas,Nicolas Cage
The Nightmare Before Christmas,1993,Fantasy,76,7.9,United States,Henry Selick,410000.0,https://www.justwatch.com/in/movie/the-nightmare-before-christmas,Danny Elfman
How to Make Millions Before Grandma Dies,2024,Drama,126,7.9,Thailand,Pat Boonnitipat,21000.0,https://www.justwatch.com/in/movie/how-to-make-millions-before-grandma-dies,Putthipong Assaratanakul
Shaun the Sheep Movie,2015,Comedy,85,7.3,United Kingdom,Mark Burton,47000.0,https://www.justwatch.com/in/movie/shaun-the-sheep-movie,Richard Starzak
The 400 Blows,1959,Drama,99,8.0,France,François Truffaut,134000.0,https://www.justwatch.com/in/movie/the-400-blows,Jean-Pierre Léaud
Deep Red,1975,Made in Europe,127,7.5,Italy,Dario Argento,47000.0,https://www.justwatch.com/in/movie/deep-red,David Hemmings
The Long Good Friday,1980,Drama,114,7.5,United Kingdom,John Mackenzie,29000.0,https://www.justwatch.com/in/movie/the-long-good-friday,Bob Hoskins
Manhattan Murder Mystery,1993,Comedy,104,7.3,United States,Woody Allen,50000.0,https://www.justwatch.com/in/movie/manhattan-murder-mystery,Woody Allen
Duel,1971,Action & Adventure,90,7.6,United States,Steven Spielberg,86000.0,https://www.justwatch.com/in/movie/duel-1971,Dennis Weaver
Rashomon,1950,Drama,88,8.1,Japan,Akira Kurosawa,196000.0,https://www.justwatch.com/in/movie/rashomon,Toshirō Mifune
Shazam!,2019,Action & Adventure,132,7.0,United States,David F. Sandberg,411000.0,https://www.justwatch.com/in/movie/shazam,Zachary Levi
The Iron Giant,1999,Drama,86,8.1,United States,Brad Bird,258000.0,https://www.justwatch.com/in/movie/the-iron-giant,Jennifer Aniston
Only the Animals,2019,Drama,116,7.1,Germany,Dominik Moll,9200.0,https://www.justwatch.com/in/movie/only-the-animals,Denis Ménochet
Sideways,2004,Romance,127,7.5,United States,Alexander Payne,216000.0,https://www.justwatch.com/in/movie/sideways,Paul Giamatti
Capernaum,2018,Drama,126,8.4,France,Nadine Labaki,123000.0,https://www.justwatch.com/in/movie/capernaum,Zain Al Rafeea
True Romance,1993,Action & Adventure,121,7.9,United States,Tony Scott,260000.0,https://www.justwatch.com/in/movie/true-romance,Christian Slater
Moana,2016,Action & Adventure,107,7.6,United States,Ron Clements,437000.0,https://www.justwatch.com/in/movie/moana,John Musker
The Muppets,2011,Comedy,103,7.1,United States,James Bobin,101000.0,https://www.justwatch.com/in/movie/the-muppets,Jason Segel
My Undesirable Friends: Part I - Last Air in Moscow,2025,Documentary,324,7.9,United States,Julia Loktev,140.0,https://www.justwatch.com/in/movie/my-undesirable-friends-part-i-last-air-in-moscow,Anna Nemzer
Till,2022,Crime,130,7.2,United States,Chinonye Chukwu,18000.0,https://www.justwatch.com/in/movie/till,Danielle Deadwyler
Evil Does Not Exist,2023,Drama,106,7.0,Japan,Ryūsuke Hamaguchi,13000.0,https://www.justwatch.com/in/movie/evil-does-not-exist,Hitoshi Omika
Castle in the Sky,1986,Kids & Family,125,8.0,Japan,Hayao Miyazaki,197000.0,https://www.justwatch.com/in/movie/castle-in-the-sky,Keiko Yokozawa
Court,2015,Drama,116,7.6,India,Chaitanya Tamhane,5700.0,https://www.justwatch.com/in/movie/court,Vira Sathidar
The Wrecking Crew,2008,Music & Musical,101,7.7,United States,Denny Tedesco,4100.0,https://www.justwatch.com/in/movie/the-wrecking-crew,Lou Adler
Belén,2025,Drama,108,7.0,Argentina,Dolores Fonzi,2000.0,https://www.justwatch.com/in/movie/belen,Dolores Fonzi
All That Heaven Allows,1955,Drama,89,7.6,United States,Douglas Sirk,18000.0,https://www.justwatch.com/in/movie/all-that-heaven-allows,Jane Wyman
The Miracle Worker,1962,Drama,106,8.1,United States,Arthur Penn,22000.0,https://www.justwatch.com/in/movie/the-miracle-worker,Anne Bancroft
The Bourne Ultimatum,2007,Drama,115,8.0,United States,Paul Greengrass,682000.0,https://www.justwatch.com/in/movie/the-bourne-ultimatum,Matt Damon
One Life,2023,Drama,109,7.5,Australia,James Hawes,40000.0,https://www.justwatch.com/in/movie/one-life,Anthony Hopkins
Captain America: The Winter Soldier,2014,Action & Adventure,136,7.7,United States,Anthony Russo,966000.0,https://www.justwatch.com/in/movie/captain-america-the-winter-soldier,Joe Russo
Take Shelter,2011,Mystery & Thriller,120,7.3,United States,Jeff Nichols,115000.0,https://www.justwatch.com/in/movie/take-shelter,Michael Shannon
Moonage Daydream,2022,Documentary,135,7.6,Germany,Brett Morgen,16000.0,https://www.justwatch.com/in/movie/moonage-daydream,David Bowie
Modern Times,1936,Romance,87,8.5,United States,Charlie Chaplin,284000.0,https://www.justwatch.com/in/movie/modern-times,Charlie Chaplin
The Teachers' Lounge,2023,Drama,98,7.4,Germany,İlker Çatak,30000.0,https://www.justwatch.com/in/movie/the-teachers-lounge,Leonie Benesch
Toni Erdmann,2016,Comedy,162,7.3,France,Maren Ade,55000.0,https://www.justwatch.com/in/movie/toni-erdmann,Sandra Hüller
Red River,1948,Western,133,7.7,United States,Howard Hawks,38000.0,https://www.justwatch.com/in/movie/red-river,John Wayne
Sleeping Beauty,1959,Kids & Family,75,7.2,United States,Clyde Geronimi,171000.0,https://www.justwatch.com/in/movie/sleeping-beauty,Mary Costa
Mulk,2018,Drama,140,7.2,India,David Esposito,22000.0,https://www.justwatch.com/in/movie/mulk,Lauren LaVera
Gods and Monsters,1998,Drama,105,7.3,United States,Bill Condon,34000.0,https://www.justwatch.com/in/movie/gods-and-monsters,Ian McKellen
Amores Perros,2000,Drama,154,8.0,Mexico,Alejandro González Iñárritu,272000.0,https://www.justwatch.com/in/movie/amores-perros,Emilio Echevarría
The Great Beauty,2013,Drama,142,7.7,France,Paolo Sorrentino,106000.0,https://www.justwatch.com/in/movie/the-great-beauty,Toni Servillo
Vampire humaniste cherche suicidaire consentant,2024,Drama,90,7.0,Canada,Ariane Louis-Seize,12000.0,https://www.justwatch.com/in/movie/humanist-vampire-seeking-consenting-suicidal-person,Sara Montpetit
Mountain Queen: The Summits of Lhakpa Sherpa,2024,Documentary,105,7.6,United States,Lucy Walker,2500.0,https://www.justwatch.com/in/movie/mountain-queen-the-summits-of-lhakpa-sherpa,
What We Do in the Shadows,2014,Horror,86,7.6,United States,Jemaine Clement,213000.0,https://www.justwatch.com/in/movie/what-we-do-in-the-shadows,Taika Waititi
The Wizard of Oz,1939,Action & Adventure,102,8.1,United States,Victor Fleming,465000.0,https://www.justwatch.com/in/movie/the-wizard-of-oz,Judy Garland
The Great Indian Kitchen,2021,Drama,100,8.1,India,Jeo Baby,11000.0,https://www.justwatch.com/in/movie/the-great-indian-kitchen,Nimisha Sajayan
Marriage Story,2019,Drama,136,7.9,United Kingdom,Noah Baumbach,370000.0,https://www.justwatch.com/in/movie/marriage-story,Adam Driver
The Act of Killing,2012,War & Military,117,8.2,Denmark,Joshua Oppenheimer,44000.0,https://www.justwatch.com/in/movie/the-act-of-killing,Anwar Congo
Becoming,2020,Documentary,89,7.2,United States,Nadia Hallgren,8600.0,https://www.justwatch.com/in/movie/becoming-2020,Michelle Obama
Badhaai Ho,2018,Drama,125,7.9,India,Amit Sharma,41000.0,https://www.justwatch.com/in/movie/badhaai-ho,Ayushmann Khurrana
Stiller & Meara: Nothing Is Lost,2025,Documentary,98,7.2,United States,Ben Stiller,1300.0,https://www.justwatch.com/in/movie/stiller-and-meara-nothing-is-lost,Jerry Stiller
High and Low,1963,Drama,142,8.4,Japan,Akira Kurosawa,71000.0,https://www.justwatch.com/in/movie/high-and-low,Toshirō Mifune
The Secret of Roan Inish,1994,Kids & Family,103,7.4,Ireland,John Sayles,11000.0,https://www.justwatch.com/in/movie/the-secret-of-roan-inish,Jeni Courtney
The Hustler,1961,Drama,134,7.9,United States,Robert Rossen,91000.0,https://www.justwatch.com/in/movie/the-hustler,Paul Newman
Miracle on 34th Street,1947,Comedy,96,7.9,United States,George Seaton,61000.0,https://www.justwatch.com/in/movie/miracle-on-34th-street,Edmund Gwenn
Paths of Glory,1957,War & Military,88,8.4,United States,Stanley Kubrick,238000.0,https://www.justwatch.com/in/movie/paths-of-glory,Kirk Douglas
Old Henry,2021,Western,99,7.3,United States,Potsy Ponciroli,45000.0,https://www.justwatch.com/in/movie/old-henry,Tim Blake Nelson
Music by John Williams,2024,Documentary,106,8.2,United States,Laurent Bouzereau,5900.0,https://www.justwatch.com/in/movie/music-by-john-williams,John Williams
Dead Man Walking,1995,Drama,122,7.5,United Kingdom,Tim Robbins,108000.0,https://www.justwatch.com/in/movie/dead-man-walking,Susan Sarandon
"Planes, Trains and Automobiles",1987,Comedy,92,7.6,United States,John Hughes,180000.0,https://www.justwatch.com/in/movie/planes-trains-and-automobiles,Steve Martin
The Summit of the Gods,2021,Animation,95,7.5,France,Patrick Imbert,10000.0,https://www.justwatch.com/in/movie/the-summit-of-the-gods,Éric Herson-Macarel
Eastern Promises,2007,Crime,100,7.6,United Kingdom,David Cronenberg,276000.0,https://www.justwatch.com/in/movie/eastern-promises,Viggo Mortensen
Hunt for the Wilderpeople,2016,Drama,101,7.8,United Kingdom,Taika Waititi,152000.0,https://www.justwatch.com/in/movie/hunt-for-the-wilderpeople,Sam Neill
The Disciple,2020,Drama,128,7.1,India,Chaitanya Tamhane,3300.0,https://www.justwatch.com/in/movie/the-disciple-2020,Aditya Modak
The Tale of Silyan,2025,Documentary,80,7.4,Macedonia,Tamara Kotevska,776.0,https://www.justwatch.com/in/movie/the-tale-of-silyan,
Cold War,2018,Romance,88,7.5,United Kingdom,Paweł Pawlikowski,65000.0,https://www.justwatch.com/in/movie/cold-war,Joanna Kulig
Dinner in America,2020,Romance,106,7.5,United States,Adam Rehmeier,16000.0,https://www.justwatch.com/in/movie/dinner-in-america,Kyle Gallner
The Insider,1999,Drama,158,7.8,United States,Michael Mann,183000.0,https://www.justwatch.com/in/movie/the-insider,Al Pacino
National Lampoon's Vacation,1983,Comedy,99,7.3,United States,Harold Ramis,128000.0,https://www.justwatch.com/in/movie/national-lampoons-vacation,Chevy Chase
West Side Story,2021,Crime,156,7.1,United States,Steven Spielberg,122000.0,https://www.justwatch.com/in/movie/west-side-story-2021,Ansel Elgort
Days of Heaven,1978,Romance,94,7.7,United States,Terrence Malick,68000.0,https://www.justwatch.com/in/movie/days-of-heaven,Richard Gere
The Wrestler,2008,Romance,109,7.9,United States,Darren Aronofsky,330000.0,https://www.justwatch.com/in/movie/the-wrestler-2008,Mickey Rourke
Gargi,2022,Drama,137,8.1,India,Gautham Ramachandran,8200.0,https://www.justwatch.com/in/movie/gargi,Sai Pallavi
A Real Pain,2024,Drama,90,7.0,United States,Jesse Eisenberg,139000.0,https://www.justwatch.com/in/movie/a-real-pain,Jesse Eisenberg
City Lights,1931,Comedy,87,8.5,United States,Charlie Chaplin,216000.0,https://www.justwatch.com/in/movie/city-lights-1931,Charlie Chaplin
The Red Turtle,2016,Fantasy,81,7.5,Belgium,Michael Dudok de Wit,42000.0,https://www.justwatch.com/in/movie/the-red-turtle,Tom Hudson
The Odd Couple,1968,Comedy,106,7.6,United States,Gene Saks,40000.0,https://www.justwatch.com/in/movie/the-odd-couple,Jack Lemmon
Rio Bravo,1959,Western,141,8.0,United States,Howard Hawks,73000.0,https://www.justwatch.com/in/movie/rio-bravo,John Wayne
Jaws @ 50: The Definitive Inside Story,2025,Documentary,88,7.6,United States,Laurent Bouzereau,2900.0,https://www.justwatch.com/in/movie/jaws-at-50-the-definitive-inside-story,Steven Spielberg
Pumping Iron,1977,Documentary,86,7.3,United States,George Butler,27000.0,https://www.justwatch.com/in/movie/pumping-iron,Robert Fiore
Selma,2014,Drama,128,7.5,United States,Ava DuVernay,99000.0,https://www.justwatch.com/in/movie/selma,David Oyelowo
Burning,2018,Drama,148,7.4,South Korea,Lee Chang-dong,85000.0,https://www.justwatch.com/in/movie/burning,Yoo Ah-in
Gulmohar,2023,Drama,131,7.6,India,Rahul V. Chittella,5900.0,https://www.justwatch.com/in/movie/gulmohar-2023,Sharmila Tagore
Out of My Mind,2024,Drama,107,7.4,United States,Amber Sealey,3300.0,https://www.justwatch.com/in/movie/out-of-my-mind,Phoebe-Rae Taylor
The Big Sick,2017,Comedy,120,7.5,United States,Michael Showalter,150000.0,https://www.justwatch.com/in/movie/the-big-sick,Kumail Nanjiani
One Cut of the Dead,2017,Comedy,96,7.6,Japan,Shinichiro Ueda,35000.0,https://www.justwatch.com/in/movie/one-cut-of-the-dead,Takayuki Hamatsu
The Eight Mountains,2022,Drama,147,7.7,United Kingdom,Felix van Groeningen,19000.0,https://www.justwatch.com/in/movie/the-eight-mountains,Charlotte Vandermeersch
